origin_index,parameter,mode_value
40,tau,2.4002800506653212
40,kappa,0.16239893253475593
40,psi1,1.5169903878737103
40,psi2,0.4455056300289178
40,r_annual,1.946195477874513e-8
40,pi_star,1.4950540526134037
40,gamma_quarterly,0.09678362342608271
40,rho_rate,0.7861488342241587
40,rho_g,0.9247940041176025
40,rho_z,0.894814247695549
40,sigma_rate,0.1651410199771746
40,sigma_g,0.7151689759170236
40,sigma_z,0.2460928817568456
41,tau,2.4553658247974455
41,kappa,0.16270182307933226
41,psi1,1.512150915577157
41,psi2,0.4396557114108884
41,r_annual,7.505165321868329e-8
41,pi_star,1.401231777559651
41,gamma_quarterly,0.08004073867035012
41,rho_rate,0.785822689216648
41,rho_g,0.9212053520781249
41,rho_z,0.8967695557794912
41,sigma_rate,0.16376663686627727
41,sigma_g,0.7247861434248752
41,sigma_z,0.24279710755401024
42,tau,2.454289458759493
42,kappa,0.16243233151744443
42,psi1,1.5151051111082086
42,psi2,0.4424085586737763
42,r_annual,1.2392040880443792e-7
42,pi_star,1.402259561709725
42,gamma_quarterly,0.07178890326671994
42,rho_rate,0.7921215813897339
42,rho_g,0.9234509533734069
42,rho_z,0.8976672556431589
42,sigma_rate,0.16258891520007385
42,sigma_g,0.7198203050367157
42,sigma_z,0.24266738969713947
43,tau,2.4749753665800474
43,kappa,0.16052792244696756
43,psi1,1.5195889779823248
43,psi2,0.4477998565865764
43,r_annual,1.5655507722162173e-7
43,pi_star,1.3916160657617749
43,gamma_quarterly,0.057619907398627275
43,rho_rate,0.7964473978725037
43,rho_g,0.9240442028161961
43,rho_z,0.8988836726642668
43,sigma_rate,0.16113606429504782
43,sigma_g,0.7139056634838177
43,sigma_z,0.24144108106003084
44,tau,2.514071667371327
44,kappa,0.15416642319817386
44,psi1,1.512397899552716
44,psi2,0.43999643833882685
44,r_annual,2.980770070490779e-7
44,pi_star,1.3686622529501475
44,gamma_quarterly,0.04873884623251514
44,rho_rate,0.8034756753382326
44,rho_g,0.9238749678893432
44,rho_z,0.9012258440898858
44,sigma_rate,0.1611295068059854
44,sigma_g,0.7089150812115756
44,sigma_z,0.24006861546250965
45,tau,2.551642692604552
45,kappa,0.15095642646649324
45,psi1,1.5116774995312974
45,psi2,0.4391688383906041
45,r_annual,4.50640075096744e-7
45,pi_star,1.3508462527428657
45,gamma_quarterly,0.03599963826259644
45,rho_rate,0.8082742604801811
45,rho_g,0.9239954818387652
45,rho_z,0.9028623659459083
45,sigma_rate,0.16014943230616213
45,sigma_g,0.7024360907051753
45,sigma_z,0.2384126549732324
46,tau,2.6222288808811145
46,kappa,0.17334328913859248
46,psi1,1.5126509854862726
46,psi2,0.43430332952486805
46,r_annual,1.819818719092905e-6
46,pi_star,1.218810905573951
46,gamma_quarterly,0.0195007596550571
46,rho_rate,0.8041169876563079
46,rho_g,0.9249632543115022
46,rho_z,0.902814857269816
46,sigma_rate,0.15909802831364683
46,sigma_g,0.7492896731375643
46,sigma_z,0.2337449503513145
47,tau,2.5834974614829007
47,kappa,0.17638523266640393
47,psi1,1.5133147834499034
47,psi2,0.434986763046767
47,r_annual,2.3173135127944154e-6
47,pi_star,1.2234051172248626
47,gamma_quarterly,0.013880340874380464
47,rho_rate,0.8089102697810068
47,rho_g,0.9293903051614781
47,rho_z,0.9028004320161668
47,sigma_rate,0.15755374544707887
47,sigma_g,0.7448569435251666
47,sigma_z,0.23597657561191385
48,tau,2.6302572143551646
48,kappa,0.1767022080002832
48,psi1,1.5111772680174862
48,psi2,0.4330147740326187
48,r_annual,3.7532374975063917e-6
48,pi_star,1.1757670399999556
48,gamma_quarterly,0.0008962143866238464
48,rho_rate,0.8094223464746035
48,rho_g,0.9333445388865375
48,rho_z,0.9038034286026896
48,sigma_rate,0.1560737911156639
48,sigma_g,0.74344903360079
48,sigma_z,0.23393322658202917
49,tau,2.6467668926935577
49,kappa,0.1754087875868225
49,psi1,1.5138446554801113
49,psi2,0.43569971282647263
49,r_annual,2.8745112134826786e-9
49,pi_star,1.1758322984431784
49,gamma_quarterly,-0.007508774335845442
49,rho_rate,0.8128548621652065
49,rho_g,0.9352676871125333
49,rho_z,0.904612921164726
49,sigma_rate,0.15478220303243576
49,sigma_g,0.7383901044739218
49,sigma_z,0.23280055529273672
50,tau,2.6799388557047394
50,kappa,0.17337478945058804
50,psi1,1.5133637792035337
50,psi2,0.4358483832370951
50,r_annual,6.76518199349819e-9
50,pi_star,1.1554008651847927
50,gamma_quarterly,-0.018492277812788973
50,rho_rate,0.8149208208486888
50,rho_g,0.9371135514087172
50,rho_z,0.905572835589657
50,sigma_rate,0.15341524839106022
50,sigma_g,0.7320258206936221
50,sigma_z,0.23134705606060113
51,tau,2.720000096513518
51,kappa,0.17111685114584993
51,psi1,1.5092193932112907
51,psi2,0.4326468741010874
51,r_annual,2.2390745395394308e-8
51,pi_star,1.1123452901551567
51,gamma_quarterly,-0.03002545254042819
51,rho_rate,0.8157220459986719
51,rho_g,0.9419533245433687
51,rho_z,0.9064428777073221
51,sigma_rate,0.15209212101843494
51,sigma_g,0.7434237719027452
51,sigma_z,0.23008146970635857
52,tau,2.7521102149560632
52,kappa,0.17343510676023613
52,psi1,1.5079595948449016
52,psi2,0.4314089400734532
52,r_annual,4.069491316245109e-8
52,pi_star,1.0703833412587522
52,gamma_quarterly,-0.03837242322996808
52,rho_rate,0.8153336659190845
52,rho_g,0.9468162531355624
52,rho_z,0.9074279019686794
52,sigma_rate,0.1506798117299562
52,sigma_g,0.7402982821241301
52,sigma_z,0.22699413941624463
53,tau,2.739971374926067
53,kappa,0.17043894295939277
53,psi1,1.5067627748221377
53,psi2,0.4311976649765166
53,r_annual,6.389830498365618e-8
53,pi_star,1.0691282479390365
53,gamma_quarterly,-0.044720863740818614
53,rho_rate,0.8182963170406564
53,rho_g,0.9514676766014716
53,rho_z,0.9081235645333219
53,sigma_rate,0.1493296783650779
53,sigma_g,0.7391088213865312
53,sigma_z,0.2272241325995658
54,tau,2.77143590698108
54,kappa,0.1657179166866244
54,psi1,1.5028465581099073
54,psi2,0.42862461727984696
54,r_annual,1.1858678806155571e-7
54,pi_star,1.0529382459914889
54,gamma_quarterly,-0.05349878534172374
54,rho_rate,0.8209051365606118
54,rho_g,0.9560330437412411
54,rho_z,0.9091910576446536
54,sigma_rate,0.1481928024966636
54,sigma_g,0.7416557782646606
54,sigma_z,0.2265993421945452
55,tau,2.7861922980878604
55,kappa,0.16621600496389072
55,psi1,1.506404656494076
55,psi2,0.4325535727819888
55,r_annual,2.1549651817263303e-7
55,pi_star,1.0388111867312562
55,gamma_quarterly,-0.06580218616446755
55,rho_rate,0.8216590749182102
55,rho_g,0.9573963601612002
55,rho_z,0.9094667488713406
55,sigma_rate,0.14660225060597812
55,sigma_g,0.7351328934815646
55,sigma_z,0.22583709295954374
56,tau,2.7927611918731925
56,kappa,0.15875080104334002
56,psi1,1.498925970907332
56,psi2,0.427200941461865
56,r_annual,2.8120014116246085e-7
56,pi_star,1.0305940749874947
56,gamma_quarterly,-0.07234249376841367
56,rho_rate,0.8253411251307275
56,rho_g,0.9616188894252995
56,rho_z,0.91059230124275
56,sigma_rate,0.14538135995807996
56,sigma_g,0.7424509543007649
56,sigma_z,0.22673800073444172
57,tau,2.814628034191837
57,kappa,0.1600217550341377
57,psi1,1.503890843009902
57,psi2,0.43237483822465184
57,r_annual,1.8627682815469924e-7
57,pi_star,1.0201983726473354
57,gamma_quarterly,-0.08506477953223074
57,rho_rate,0.8259572654546838
57,rho_g,0.9680608815470614
57,rho_z,0.9104983930181393
57,sigma_rate,0.14388866784261925
57,sigma_g,0.7637778921546672
57,sigma_z,0.22658163684730812
58,tau,2.842110724297096
58,kappa,0.16800334056674437
58,psi1,1.5035846540895663
58,psi2,0.43070969653880514
58,r_annual,2.8945591295073704e-7
58,pi_star,0.9747207437257991
58,gamma_quarterly,-0.08924690473345129
58,rho_rate,0.8251754055940678
58,rho_g,0.972272665569359
58,rho_z,0.9110848773427865
58,sigma_rate,0.14283948444958447
58,sigma_g,0.768876098212705
58,sigma_z,0.22245290510124646
59,tau,2.864166093439461
59,kappa,0.16874727935516554
59,psi1,1.4913148235091838
59,psi2,0.41920616518974585
59,r_annual,4.6618622038092927e-7
59,pi_star,0.9325799612060417
59,gamma_quarterly,-0.08004898305879439
59,rho_rate,0.8265586900588282
59,rho_g,0.9755776101951857
59,rho_z,0.9130684808261623
59,sigma_rate,0.14236734159012937
59,sigma_g,0.7808000354628865
59,sigma_z,0.2160758019500471
60,tau,2.7815861369838544
60,kappa,0.18318157749640418
60,psi1,1.5054862665663324
60,psi2,0.4302172605198209
60,r_annual,3.977303675374902e-7
60,pi_star,0.973439816340235
60,gamma_quarterly,-0.0847555691783364
60,rho_rate,0.8285861756404479
60,rho_g,0.9775201245210305
60,rho_z,0.911719707901483
60,sigma_rate,0.14088514537497385
60,sigma_g,0.7796538897337197
60,sigma_z,0.21854016515772803
61,tau,2.8103444266941175
61,kappa,0.18950692919611453
61,psi1,1.5069462822851458
61,psi2,0.43115570200235837
61,r_annual,6.583440287322575e-7
61,pi_star,0.9344196319687191
61,gamma_quarterly,-0.09562345490120355
61,rho_rate,0.8276684759411784
61,rho_g,0.9795158621233265
61,rho_z,0.9115216669804216
61,sigma_rate,0.13962540648451122
61,sigma_g,0.7789923255073368
61,sigma_z,0.21725737395172778
62,tau,2.8534533240363364
62,kappa,0.19274551981986576
62,psi1,1.4954427708058182
62,psi2,0.4210421644009988
62,r_annual,1.1761212386410915e-6
62,pi_star,0.8784739644347134
62,gamma_quarterly,-0.09257019807132427
62,rho_rate,0.8277273821588959
62,rho_g,0.9804513502011039
62,rho_z,0.9125742950842342
62,sigma_rate,0.13907984278942345
62,sigma_g,0.7722151288850982
62,sigma_z,0.2132374452843207
63,tau,2.904004465346229
63,kappa,0.18977709478571783
63,psi1,1.47164364568213
63,psi2,0.40232013826327373
63,r_annual,5.768240928700674e-6
63,pi_star,0.8284461437783497
63,gamma_quarterly,-0.07349234246339029
63,rho_rate,0.829146587182357
63,rho_g,0.9810067870082613
63,rho_z,0.9142431671207302
63,sigma_rate,0.13973245327260972
63,sigma_g,0.7684318374696176
63,sigma_z,0.2077422096593036
64,tau,2.811327495130369
64,kappa,0.2158684816845686
64,psi1,1.494210690243098
64,psi2,0.4167531123509409
64,r_annual,2.2201579618112376e-6
64,pi_star,0.8883982923028948
64,gamma_quarterly,-0.0775513894482173
64,rho_rate,0.8310620113110747
64,rho_g,0.9820613045227484
64,rho_z,0.9127192800582138
64,sigma_rate,0.1385404640581487
64,sigma_g,0.773141109405391
64,sigma_z,0.209157466982585
65,tau,2.8335623606817513
65,kappa,0.2280760577028567
65,psi1,1.4979992929876638
65,psi2,0.41924645009932127
65,r_annual,3.2610257271493087e-6
65,pi_star,0.85025184249895
65,gamma_quarterly,-0.0887557905289136
65,rho_rate,0.8297221738744803
65,rho_g,0.9837025162421978
65,rho_z,0.9116429888288372
65,sigma_rate,0.1373599797375917
65,sigma_g,0.7799009383132618
65,sigma_z,0.20867880816499224
66,tau,2.8369406885080575
66,kappa,0.2269288305244748
66,psi1,1.4981902619668257
66,psi2,0.4198821168560736
66,r_annual,1.3517338094048632e-8
66,pi_star,0.851200729452346
66,gamma_quarterly,-0.09296425149738002
66,rho_rate,0.8309520495646325
66,rho_g,0.9844258099588851
66,rho_z,0.9119573623810868
66,sigma_rate,0.1361720393126442
66,sigma_g,0.7756845407629763
66,sigma_z,0.208296060751402
67,tau,2.8621876286364794
67,kappa,0.2250499913573338
67,psi1,1.4960821747198396
67,psi2,0.4192038687669448
67,r_annual,3.361063911071187e-8
67,pi_star,0.8412300623639855
67,gamma_quarterly,-0.09633316552696933
67,rho_rate,0.8316307477534449
67,rho_g,0.9849853644902541
67,rho_z,0.9122193602330154
67,sigma_rate,0.13497993561714453
67,sigma_g,0.7708093263755273
67,sigma_z,0.20774453938084078
68,tau,2.89025090465364
68,kappa,0.22925990385363385
68,psi1,1.4931575491144853
68,psi2,0.41701323279074154
68,r_annual,7.705281711510542e-8
68,pi_star,0.8104031140070183
68,gamma_quarterly,-0.09589757491649248
68,rho_rate,0.8313293523798718
68,rho_g,0.9856190703807584
68,rho_z,0.911862264724592
68,sigma_rate,0.13444510648919825
68,sigma_g,0.7682855103586618
68,sigma_z,0.20616380973905052
69,tau,2.894474545269627
69,kappa,0.22761901042431684
69,psi1,1.49115456568193
69,psi2,0.4164255696203224
69,r_annual,1.386718832553773e-7
69,pi_star,0.8094130150993927
69,gamma_quarterly,-0.09668787907690654
69,rho_rate,0.8320560412646326
69,rho_g,0.9861928981064774
69,rho_z,0.9121407229528591
69,sigma_rate,0.1332950220716696
69,sigma_g,0.763958685383552
69,sigma_z,0.2063453559088219
70,tau,2.9186928669682097
70,kappa,0.22298558684288233
70,psi1,1.4848731624510103
70,psi2,0.41277535152779576
70,r_annual,3.0363483516997044e-7
70,pi_star,0.79706658931156
70,gamma_quarterly,-0.10178547615727415
70,rho_rate,0.8334797041820413
70,rho_g,0.9868126768766459
70,rho_z,0.9121888983379923
70,sigma_rate,0.13220055827983343
70,sigma_g,0.7640652876005519
70,sigma_z,0.20698424028835033
71,tau,2.9504881879930247
71,kappa,0.22035050983153256
71,psi1,1.4809768174688847
71,psi2,0.41068859300758215
71,r_annual,7.245861008666884e-7
71,pi_star,0.7854723618168373
71,gamma_quarterly,-0.10515663150944943
71,rho_rate,0.8342859587283795
71,rho_g,0.9872421334838376
71,rho_z,0.9122919567950879
71,sigma_rate,0.13105524542270228
71,sigma_g,0.760482667176734
71,sigma_z,0.20707994886309522
72,tau,2.979443795259175
72,kappa,0.2181542693460296
72,psi1,1.478058182983142
72,psi2,0.4093464318691716
72,r_annual,1.2035938730518612e-6
72,pi_star,0.7818160035956816
72,gamma_quarterly,-0.10688454387933014
72,rho_rate,0.835157209387221
72,rho_g,0.9874742780281525
72,rho_z,0.9128909358418014
72,sigma_rate,0.12991804125118678
72,sigma_g,0.7550425604192043
72,sigma_z,0.20644843228215357
73,tau,3.0002383255973037
73,kappa,0.22309255108294
73,psi1,1.47917437079427
73,psi2,0.4102340131251343
73,r_annual,1.9154414544074645e-6
73,pi_star,0.7601846536714513
73,gamma_quarterly,-0.10980858816655681
73,rho_rate,0.8348683280687509
73,rho_g,0.9878606911212843
73,rho_z,0.9119100709452711
73,sigma_rate,0.12918961122797695
73,sigma_g,0.7519125482460637
73,sigma_z,0.2061840994262699
74,tau,3.0198023086622667
74,kappa,0.22208848938461515
74,psi1,1.480465622792785
74,psi2,0.4114333582307935
74,r_annual,2.925426221580947e-6
74,pi_star,0.7600587360640774
74,gamma_quarterly,-0.10456990476485306
74,rho_rate,0.8352496762124763
74,rho_g,0.9878331237002641
74,rho_z,0.912598748733901
74,sigma_rate,0.1288753236392736
74,sigma_g,0.7460541886291222
74,sigma_z,0.2046506442483905
75,tau,3.0493481581291997
75,kappa,0.22235354885021894
75,psi1,1.478581734143884
75,psi2,0.40957001594077735
75,r_annual,1.0005839394829266e-8
75,pi_star,0.7403555592598696
75,gamma_quarterly,-0.09767355266086739
75,rho_rate,0.8364350235965099
75,rho_g,0.9879217644059002
75,rho_z,0.9128723652361369
75,sigma_rate,0.12877011620497456
75,sigma_g,0.7407405038828526
75,sigma_z,0.2031283023939088
76,tau,3.0554570513873496
76,kappa,0.2216512562141868
76,psi1,1.478979712926881
76,psi2,0.4103686572297301
76,r_annual,2.4354105465293625e-8
76,pi_star,0.7403275618678753
76,gamma_quarterly,-0.09786762580443353
76,rho_rate,0.8371032282045471
76,rho_g,0.988251644924082
76,rho_z,0.9132639307700996
76,sigma_rate,0.12781289970717807
76,sigma_g,0.7362041675508121
76,sigma_z,0.20273235470854975
77,tau,3.061786340478468
77,kappa,0.22578415381122022
77,psi1,1.480958387509302
77,psi2,0.41199648443362785
77,r_annual,3.869843791214652e-8
77,pi_star,0.7232795454991946
77,gamma_quarterly,-0.10397393801983826
77,rho_rate,0.8371041610558854
77,rho_g,0.988803535000838
77,rho_z,0.9120029376536624
77,sigma_rate,0.12686528534650607
77,sigma_g,0.741904097143371
77,sigma_z,0.20334274307511593
78,tau,3.0641407860690277
78,kappa,0.22683381689792895
78,psi1,1.4804083025502948
78,psi2,0.4123105091805202
78,r_annual,7.044559595027722e-8
78,pi_star,0.7104850850308061
78,gamma_quarterly,-0.11341512736234274
78,rho_rate,0.8356181292215572
78,rho_g,0.9892275946125323
78,rho_z,0.9111384851623809
78,sigma_rate,0.12646808186936004
78,sigma_g,0.7388791663443721
78,sigma_z,0.2035756753406259
79,tau,2.962943992087421
79,kappa,0.23677030442118138
79,psi1,1.515738014301537
79,psi2,0.4375679163315526
79,r_annual,1.0942680413941892e-8
79,pi_star,0.8256938820885533
79,gamma_quarterly,-0.12207955984510535
79,rho_rate,0.8358726630529975
79,rho_g,0.98928952417529
79,rho_z,0.9098022709596075
79,sigma_rate,0.12604210092467527
79,sigma_g,0.7738725279943738
79,sigma_z,0.20306811493400728
80,tau,2.245926055265389
80,kappa,0.1763860328099854
80,psi1,1.5346166723812886
80,psi2,0.49469862543543636
80,r_annual,4.472944666494328e-9
80,pi_star,1.2626188736448594
80,gamma_quarterly,-0.1408780401588776
80,rho_rate,0.8486390528179052
80,rho_g,0.9856776339605969
80,rho_z,0.8975176397172023
80,sigma_rate,0.12161909135015328
80,sigma_g,1.0912535020699659
80,sigma_z,0.26239825778587594
81,tau,1.8100323671809113
81,kappa,0.13940859540945325
81,psi1,1.48322055563311
81,psi2,0.4327469331518971
81,r_annual,7.914871905446525e-8
81,pi_star,1.3083570808546732
81,gamma_quarterly,-0.14697365918198896
81,rho_rate,0.8604458511590191
81,rho_g,0.9867925211462366
81,rho_z,0.8952484817406436
81,sigma_rate,0.12055412329296875
81,sigma_g,1.2081920617022965
81,sigma_z,0.2958737648089609
82,tau,1.8772404110896597
82,kappa,0.14042223927745373
82,psi1,1.4811778400165196
82,psi2,0.4283039718513745
82,r_annual,1.7567365705719102e-7
82,pi_star,1.270786733294975
82,gamma_quarterly,-0.16251150584581753
82,rho_rate,0.8608123469279858
82,rho_g,0.9869675287993184
82,rho_z,0.8948806049373802
82,sigma_rate,0.12003572815655472
82,sigma_g,1.2141440781933892
82,sigma_z,0.29860069146410584
83,tau,1.954188543920157
83,kappa,0.13435298417483782
83,psi1,1.4626978019112624
83,psi2,0.3949800671178583
83,r_annual,4.921125274990902e-7
83,pi_star,1.249045632825582
83,gamma_quarterly,-0.1573022954303464
83,rho_rate,0.870602538335754
83,rho_g,0.9864645000200326
83,rho_z,0.9008381361431234
83,sigma_rate,0.12151792197221804
83,sigma_g,1.2067288544864858
83,sigma_z,0.2935542997576702
84,tau,2.1845024471368935
84,kappa,0.11492732020753069
84,psi1,1.4131755364000447
84,psi2,0.32580602334176434
84,r_annual,3.496140981965469e-5
84,pi_star,1.1233409150502365
84,gamma_quarterly,-0.1514096752367435
84,rho_rate,0.8818586589215779
84,rho_g,0.9835799363376443
84,rho_z,0.9094573919555082
84,sigma_rate,0.12335842058442222
84,sigma_g,1.1857689287929836
84,sigma_z,0.2920393306383027
85,tau,2.3620681711958995
85,kappa,0.10263001806435322
85,psi1,1.3767327925151096
85,psi2,0.28374360137007054
85,r_annual,5.129302190572384e-8
85,pi_star,1.0325790001180826
85,gamma_quarterly,-0.14451528145040263
85,rho_rate,0.8895139246838718
85,rho_g,0.9809277721490508
85,rho_z,0.9153991718723946
85,sigma_rate,0.12432587014792296
85,sigma_g,1.1699393855153695
85,sigma_z,0.2883249906275622
86,tau,2.541404271281362
86,kappa,0.09083359482761325
86,psi1,1.3404093120338185
86,psi2,0.2479551382071281
86,r_annual,2.75621113009004e-7
86,pi_star,0.9486620548611608
86,gamma_quarterly,-0.12824081355300698
86,rho_rate,0.8977197381123643
86,rho_g,0.9781317859708473
86,rho_z,0.9217670616610069
86,sigma_rate,0.12550301557963667
86,sigma_g,1.156319160579583
86,sigma_z,0.2835912544727619
87,tau,2.6268864307872173
87,kappa,0.08533932079599582
87,psi1,1.3235814997172763
87,psi2,0.2345822306790169
87,r_annual,5.224990225157606e-7
87,pi_star,0.9408464038346533
87,gamma_quarterly,-0.09735761748096482
87,rho_rate,0.9078890854227125
87,rho_g,0.9769056225332556
87,rho_z,0.9299208660449777
87,sigma_rate,0.12659326468110454
87,sigma_g,1.169438269617621
87,sigma_z,0.2645481681971802
88,tau,2.7063996460102944
88,kappa,0.07991580807993469
88,psi1,1.3111449098535566
88,psi2,0.2274605656279508
88,r_annual,4.813360428334868e-7
88,pi_star,0.9425484527132066
88,gamma_quarterly,-0.07692874944016792
88,rho_rate,0.9141350568603817
88,rho_g,0.976822806956655
88,rho_z,0.9365745393470302
88,sigma_rate,0.12538054463317758
88,sigma_g,1.1743801252724089
88,sigma_z,0.2515457954870516
89,tau,2.6557004710956793
89,kappa,0.10506942867149162
89,psi1,1.3451260452592786
89,psi2,0.25652337157908206
89,r_annual,2.713496094721173e-7
89,pi_star,0.9462745801347149
89,gamma_quarterly,-0.08689094201927122
89,rho_rate,0.9090567392162592
89,rho_g,0.9776726125257952
89,rho_z,0.9262164616960763
89,sigma_rate,0.12891474241460193
89,sigma_g,1.199124055823725
89,sigma_z,0.2611790649292953
90,tau,2.6647618962541
90,kappa,0.10527250722087991
90,psi1,1.361232733277205
90,psi2,0.2706888517373627
90,r_annual,2.4392738285714956e-7
90,pi_star,0.9432720170379386
90,gamma_quarterly,-0.06182950355233348
90,rho_rate,0.9077977132082152
90,rho_g,0.977351641743248
90,rho_z,0.9267256947301238
90,sigma_rate,0.13341778680952554
90,sigma_g,1.190887685260262
90,sigma_z,0.2623097291141561
91,tau,2.682355177150442
91,kappa,0.10375168518893847
91,psi1,1.374464734101863
91,psi2,0.2829856923568759
91,r_annual,1.3450168251071013e-7
91,pi_star,0.9481429452169459
91,gamma_quarterly,-0.04636778208294602
91,rho_rate,0.9087195565763092
91,rho_g,0.9773678594964958
91,rho_z,0.9287815557901193
91,sigma_rate,0.13461434258116914
91,sigma_g,1.1844614395707942
91,sigma_z,0.2607155489454361
92,tau,2.680037789555458
92,kappa,0.10584092642233743
92,psi1,1.3878158421299125
92,psi2,0.2944053734848945
92,r_annual,1.549867902109439e-7
92,pi_star,0.9354909987716729
92,gamma_quarterly,-0.037166326672340405
92,rho_rate,0.9103242154183286
92,rho_g,0.9770024909733092
92,rho_z,0.9286629424308065
92,sigma_rate,0.13516639999416158
92,sigma_g,1.1791422244195127
92,sigma_z,0.2606840226694492
93,tau,2.703964263182691
93,kappa,0.104671043500755
93,psi1,1.396330171477088
93,psi2,0.30381032400540525
93,r_annual,1.3411715353948075e-7
93,pi_star,0.9472035552043611
93,gamma_quarterly,-0.027057273089312953
93,rho_rate,0.9116544880874586
93,rho_g,0.977481088171134
93,rho_z,0.9311438056863232
93,sigma_rate,0.13476513607914073
93,sigma_g,1.1746546054250935
93,sigma_z,0.25767970226041015
94,tau,2.703892689483689
94,kappa,0.10736840104182692
94,psi1,1.4034528237716402
94,psi2,0.31033934768829
94,r_annual,2.5672136735900943e-7
94,pi_star,0.930116994579362
94,gamma_quarterly,-0.026711466649214997
94,rho_rate,0.9125232920887105
94,rho_g,0.9770844869262212
94,rho_z,0.9302358573461985
94,sigma_rate,0.13438781544331246
94,sigma_g,1.1706170272127385
94,sigma_z,0.2588651306466886
95,tau,2.7225205300645667
95,kappa,0.10873933226232041
95,psi1,1.4116252593479885
95,psi2,0.32115402915204516
95,r_annual,1.759971144903595e-7
95,pi_star,0.973286775761993
95,gamma_quarterly,-0.018712189554733603
95,rho_rate,0.9129410771511619
95,rho_g,0.9784731283904285
95,rho_z,0.9327117607070752
95,sigma_rate,0.1337877159420923
95,sigma_g,1.179144524861288
95,sigma_z,0.2522960852194859
96,tau,2.7300606015311897
96,kappa,0.10870359969124019
96,psi1,1.4143199890703921
96,psi2,0.3237586206622198
96,r_annual,4.5816132482820293e-7
96,pi_star,0.9689540481494837
96,gamma_quarterly,-0.01875074244388864
96,rho_rate,0.9133969493353293
96,rho_g,0.978391508161189
96,rho_z,0.9328209897902016
96,sigma_rate,0.13312634729966671
96,sigma_g,1.1731277116337362
96,sigma_z,0.2517014760041051
97,tau,2.737392041523631
97,kappa,0.10909873803201697
97,psi1,1.4173617863097474
97,psi2,0.32671580507982884
97,r_annual,7.136036211894567e-7
97,pi_star,0.957274293778051
97,gamma_quarterly,-0.018315002090075836
97,rho_rate,0.9140434222937704
97,rho_g,0.9780329654419562
97,rho_z,0.9327379147253348
97,sigma_rate,0.13252463095666506
97,sigma_g,1.1672589205346415
97,sigma_z,0.2515462071478082
98,tau,2.734260010376148
98,kappa,0.11049754105201211
98,psi1,1.41306898431694
98,psi2,0.3233957200173419
98,r_annual,1.0839823330384592e-6
98,pi_star,0.9815910854853851
98,gamma_quarterly,-0.024425481413569525
98,rho_rate,0.9124917721237895
98,rho_g,0.9790002770614125
98,rho_z,0.9322624041271727
98,sigma_rate,0.13242152569505217
98,sigma_g,1.165442166823922
98,sigma_z,0.24903739583600693
99,tau,2.728540172135972
99,kappa,0.11299344796342477
99,psi1,1.415534106882051
99,psi2,0.3274054223647866
99,r_annual,7.103609602273463e-7
99,pi_star,1.0391010638643303
99,gamma_quarterly,-0.02408514694718313
99,rho_rate,0.9118836721414559
99,rho_g,0.9808840128054415
99,rho_z,0.9330927472312214
99,sigma_rate,0.13209686718074407
99,sigma_g,1.1753447263718
99,sigma_z,0.24318654554402955
100,tau,2.7388644911141085
100,kappa,0.11536062661774307
100,psi1,1.415679366759857
100,psi2,0.3278126777128881
100,r_annual,2.3305386015347693e-6
100,pi_star,1.0134271639545023
100,gamma_quarterly,-0.02914427506449075
100,rho_rate,0.9116853739340485
100,rho_g,0.9801996394997775
100,rho_z,0.9318909472205641
100,sigma_rate,0.13149940354622908
100,sigma_g,1.1715859918820188
100,sigma_z,0.24453526055600883
