sample_track,model_id,target_id,horizon,observation_count,mean_crps
abm_all_available_common_cells,beforeit_abm_us_v3_mean,effective_federal_funds_rate,2,60,0.3482369213948224
abm_all_available_common_cells,beforeit_abm_us_v3_mean,effective_federal_funds_rate,8,54,1.1754875865474432
abm_all_available_common_cells,beforeit_abm_us_v3_mean,nominal_gdp,8,54,2.9388812794095838
abm_all_available_common_cells,beforeit_abm_us_v3_mean,effective_federal_funds_rate,12,50,1.4467283294617252
abm_all_available_common_cells,beforeit_abm_us_v3_mean,gdp_deflator,2,60,0.8633217240267116
abm_all_available_common_cells,beforeit_abm_us_v3_mean,real_gdp,4,58,2.255052866878691
abm_all_available_common_cells,beforeit_abm_us_v3_mean,unemployment_rate,8,54,1.7094379867046872
abm_all_available_common_cells,beforeit_abm_us_v3_mean,unemployment_rate,1,61,2.302549252109839
abm_all_available_common_cells,beforeit_abm_us_v3_mean,nominal_gdp,2,60,2.5226433564583406
abm_all_available_common_cells,beforeit_abm_us_v3_mean,effective_federal_funds_rate,1,61,0.17705576115464355
abm_all_available_common_cells,beforeit_abm_us_v3_mean,gdp_deflator,4,58,0.9916187695855175
abm_all_available_common_cells,beforeit_abm_us_v3_mean,real_gdp,1,61,2.1421367252112002
abm_all_available_common_cells,beforeit_abm_us_v3_mean,gdp_deflator,8,54,1.0612113350534993
abm_all_available_common_cells,beforeit_abm_us_v3_mean,gdp_deflator,12,50,1.1207835621986293
abm_all_available_common_cells,beforeit_abm_us_v3_mean,unemployment_rate,4,58,2.0105252710331607
abm_all_available_common_cells,beforeit_abm_us_v3_mean,unemployment_rate,2,60,2.1817817225509812
abm_all_available_common_cells,beforeit_abm_us_v3_mean,nominal_gdp,1,61,2.444896774531287
abm_all_available_common_cells,beforeit_abm_us_v3_mean,effective_federal_funds_rate,4,58,0.6691392602459414
abm_all_available_common_cells,beforeit_abm_us_v3_mean,gdp_deflator,1,61,0.8119763985154481
abm_all_available_common_cells,beforeit_abm_us_v3_mean,nominal_gdp,12,50,3.0480456219610823
abm_all_available_common_cells,beforeit_abm_us_v3_mean,real_gdp,8,54,2.3621155820157305
abm_all_available_common_cells,beforeit_abm_us_v3_mean,real_gdp,12,50,2.4109031002199277
abm_all_available_common_cells,beforeit_abm_us_v3_mean,unemployment_rate,12,50,1.4246039037475713
abm_all_available_common_cells,beforeit_abm_us_v3_mean,nominal_gdp,4,58,2.6979145021580377
abm_all_available_common_cells,beforeit_abm_us_v3_mean,real_gdp,2,60,2.1995359239649046
abm_balanced_h12_common_cells,beforeit_abm_us_v3_mean,effective_federal_funds_rate,2,50,0.3357618756869475
abm_balanced_h12_common_cells,beforeit_abm_us_v3_mean,effective_federal_funds_rate,8,50,1.2331796735366694
abm_balanced_h12_common_cells,beforeit_abm_us_v3_mean,nominal_gdp,8,50,3.050735732687049
abm_balanced_h12_common_cells,beforeit_abm_us_v3_mean,effective_federal_funds_rate,12,50,1.4467283294617252
abm_balanced_h12_common_cells,beforeit_abm_us_v3_mean,gdp_deflator,2,50,0.9390057535155263
abm_balanced_h12_common_cells,beforeit_abm_us_v3_mean,real_gdp,4,50,2.389285206456647
abm_balanced_h12_common_cells,beforeit_abm_us_v3_mean,unemployment_rate,8,50,1.6890278974359167
abm_balanced_h12_common_cells,beforeit_abm_us_v3_mean,unemployment_rate,1,50,2.1213933948718013
abm_balanced_h12_common_cells,beforeit_abm_us_v3_mean,nominal_gdp,2,50,2.746530840958659
abm_balanced_h12_common_cells,beforeit_abm_us_v3_mean,effective_federal_funds_rate,1,50,0.16482843922443713
abm_balanced_h12_common_cells,beforeit_abm_us_v3_mean,gdp_deflator,4,50,1.0629893582150824
abm_balanced_h12_common_cells,beforeit_abm_us_v3_mean,real_gdp,1,50,2.314837165209245
abm_balanced_h12_common_cells,beforeit_abm_us_v3_mean,gdp_deflator,8,50,1.1030723184522964
abm_balanced_h12_common_cells,beforeit_abm_us_v3_mean,gdp_deflator,12,50,1.1207835621986293
abm_balanced_h12_common_cells,beforeit_abm_us_v3_mean,unemployment_rate,4,50,1.927421357002004
abm_balanced_h12_common_cells,beforeit_abm_us_v3_mean,unemployment_rate,2,50,2.040372050493104
abm_balanced_h12_common_cells,beforeit_abm_us_v3_mean,nominal_gdp,1,50,2.6810894512680195
abm_balanced_h12_common_cells,beforeit_abm_us_v3_mean,effective_federal_funds_rate,4,50,0.6751765364162441
abm_balanced_h12_common_cells,beforeit_abm_us_v3_mean,gdp_deflator,1,50,0.8502487434485091
abm_balanced_h12_common_cells,beforeit_abm_us_v3_mean,nominal_gdp,12,50,3.0480456219610823
abm_balanced_h12_common_cells,beforeit_abm_us_v3_mean,real_gdp,8,50,2.4313414501707062
abm_balanced_h12_common_cells,beforeit_abm_us_v3_mean,real_gdp,12,50,2.4109031002199277
abm_balanced_h12_common_cells,beforeit_abm_us_v3_mean,unemployment_rate,12,50,1.4246039037475713
abm_balanced_h12_common_cells,beforeit_abm_us_v3_mean,nominal_gdp,4,50,2.8986190211594716
abm_balanced_h12_common_cells,beforeit_abm_us_v3_mean,real_gdp,2,50,2.360175473173901
abm_pandemic_masked_common_cells,beforeit_abm_us_v3_mean,effective_federal_funds_rate,2,52,0.3310602119937084
abm_pandemic_masked_common_cells,beforeit_abm_us_v3_mean,effective_federal_funds_rate,8,46,1.1404065211255572
abm_pandemic_masked_common_cells,beforeit_abm_us_v3_mean,nominal_gdp,8,46,1.332779821410725
abm_pandemic_masked_common_cells,beforeit_abm_us_v3_mean,effective_federal_funds_rate,12,42,1.5353109075536315
abm_pandemic_masked_common_cells,beforeit_abm_us_v3_mean,gdp_deflator,2,52,0.6498873281038569
abm_pandemic_masked_common_cells,beforeit_abm_us_v3_mean,real_gdp,4,50,1.073098662861956
abm_pandemic_masked_common_cells,beforeit_abm_us_v3_mean,unemployment_rate,8,46,1.6768034954120958
abm_pandemic_masked_common_cells,beforeit_abm_us_v3_mean,unemployment_rate,1,53,2.3205118201779245
abm_pandemic_masked_common_cells,beforeit_abm_us_v3_mean,nominal_gdp,2,52,1.1407804650452364
abm_pandemic_masked_common_cells,beforeit_abm_us_v3_mean,effective_federal_funds_rate,1,53,0.17165601919350076
abm_pandemic_masked_common_cells,beforeit_abm_us_v3_mean,gdp_deflator,4,50,0.752790137926055
abm_pandemic_masked_common_cells,beforeit_abm_us_v3_mean,real_gdp,1,53,1.0318579749251515
abm_pandemic_masked_common_cells,beforeit_abm_us_v3_mean,gdp_deflator,8,46,0.8205268395174146
abm_pandemic_masked_common_cells,beforeit_abm_us_v3_mean,gdp_deflator,12,42,0.8707890591989257
abm_pandemic_masked_common_cells,beforeit_abm_us_v3_mean,unemployment_rate,4,50,2.0108514429980704
abm_pandemic_masked_common_cells,beforeit_abm_us_v3_mean,unemployment_rate,2,52,2.197081071157672
abm_pandemic_masked_common_cells,beforeit_abm_us_v3_mean,nominal_gdp,1,53,1.1304676695899027
abm_pandemic_masked_common_cells,beforeit_abm_us_v3_mean,effective_federal_funds_rate,4,50,0.6283267043774012
abm_pandemic_masked_common_cells,beforeit_abm_us_v3_mean,gdp_deflator,1,53,0.6425119642718451
abm_pandemic_masked_common_cells,beforeit_abm_us_v3_mean,nominal_gdp,12,42,1.3420962735608308
abm_pandemic_masked_common_cells,beforeit_abm_us_v3_mean,real_gdp,8,46,1.094210554847199
abm_pandemic_masked_common_cells,beforeit_abm_us_v3_mean,real_gdp,12,42,1.0581206298244548
abm_pandemic_masked_common_cells,beforeit_abm_us_v3_mean,unemployment_rate,12,42,1.378824440687562
abm_pandemic_masked_common_cells,beforeit_abm_us_v3_mean,nominal_gdp,4,50,1.2266977747690198
abm_pandemic_masked_common_cells,beforeit_abm_us_v3_mean,real_gdp,2,52,1.0562522586715566
abm_all_available_common_cells,beforeit_abm_us_v2_mean,effective_federal_funds_rate,2,60,0.3488296456707135
abm_all_available_common_cells,beforeit_abm_us_v2_mean,effective_federal_funds_rate,8,54,1.1774489772454895
abm_all_available_common_cells,beforeit_abm_us_v2_mean,nominal_gdp,8,54,2.96876253968771
abm_all_available_common_cells,beforeit_abm_us_v2_mean,effective_federal_funds_rate,12,50,1.4483860831297468
abm_all_available_common_cells,beforeit_abm_us_v2_mean,gdp_deflator,2,60,0.8679554856346066
abm_all_available_common_cells,beforeit_abm_us_v2_mean,real_gdp,4,58,2.2487319447357015
abm_all_available_common_cells,beforeit_abm_us_v2_mean,unemployment_rate,8,54,3.920132465214331
abm_all_available_common_cells,beforeit_abm_us_v2_mean,unemployment_rate,1,61,1.9383007643090724
abm_all_available_common_cells,beforeit_abm_us_v2_mean,nominal_gdp,2,60,2.52753588001412
abm_all_available_common_cells,beforeit_abm_us_v2_mean,effective_federal_funds_rate,1,61,0.1769122696665325
abm_all_available_common_cells,beforeit_abm_us_v2_mean,gdp_deflator,4,58,0.9966400486068068
abm_all_available_common_cells,beforeit_abm_us_v2_mean,real_gdp,1,61,2.159020993163997
abm_all_available_common_cells,beforeit_abm_us_v2_mean,gdp_deflator,8,54,1.0724241351771615
abm_all_available_common_cells,beforeit_abm_us_v2_mean,gdp_deflator,12,50,1.1209176773456915
abm_all_available_common_cells,beforeit_abm_us_v2_mean,unemployment_rate,4,58,2.5487256700783876
abm_all_available_common_cells,beforeit_abm_us_v2_mean,unemployment_rate,2,60,2.0496274516246387
abm_all_available_common_cells,beforeit_abm_us_v2_mean,nominal_gdp,1,61,2.464162863082423
abm_all_available_common_cells,beforeit_abm_us_v2_mean,effective_federal_funds_rate,4,58,0.6714914223831134
abm_all_available_common_cells,beforeit_abm_us_v2_mean,gdp_deflator,1,61,0.8072369948556898
abm_all_available_common_cells,beforeit_abm_us_v2_mean,nominal_gdp,12,50,3.1133416007623396
abm_all_available_common_cells,beforeit_abm_us_v2_mean,real_gdp,8,54,2.3674618300118726
abm_all_available_common_cells,beforeit_abm_us_v2_mean,real_gdp,12,50,2.4257219171255064
abm_all_available_common_cells,beforeit_abm_us_v2_mean,unemployment_rate,12,50,4.574856451259526
abm_all_available_common_cells,beforeit_abm_us_v2_mean,nominal_gdp,4,58,2.683341891353316
abm_all_available_common_cells,beforeit_abm_us_v2_mean,real_gdp,2,60,2.204381746156217
abm_balanced_h12_common_cells,beforeit_abm_us_v2_mean,effective_federal_funds_rate,2,50,0.3375006286699576
abm_balanced_h12_common_cells,beforeit_abm_us_v2_mean,effective_federal_funds_rate,8,50,1.235588424148895
abm_balanced_h12_common_cells,beforeit_abm_us_v2_mean,nominal_gdp,8,50,3.072760062381464
abm_balanced_h12_common_cells,beforeit_abm_us_v2_mean,effective_federal_funds_rate,12,50,1.4483860831297468
abm_balanced_h12_common_cells,beforeit_abm_us_v2_mean,gdp_deflator,2,50,0.9440539279578164
abm_balanced_h12_common_cells,beforeit_abm_us_v2_mean,real_gdp,4,50,2.3917069570991543
abm_balanced_h12_common_cells,beforeit_abm_us_v2_mean,unemployment_rate,8,50,4.034653130339492
abm_balanced_h12_common_cells,beforeit_abm_us_v2_mean,unemployment_rate,1,50,2.2961008645490812
abm_balanced_h12_common_cells,beforeit_abm_us_v2_mean,nominal_gdp,2,50,2.7543269273950615
abm_balanced_h12_common_cells,beforeit_abm_us_v2_mean,effective_federal_funds_rate,1,50,0.16528670770700635
abm_balanced_h12_common_cells,beforeit_abm_us_v2_mean,gdp_deflator,4,50,1.0675870888501267
abm_balanced_h12_common_cells,beforeit_abm_us_v2_mean,real_gdp,1,50,2.333751656277221
abm_balanced_h12_common_cells,beforeit_abm_us_v2_mean,gdp_deflator,8,50,1.1114348665270883
abm_balanced_h12_common_cells,beforeit_abm_us_v2_mean,gdp_deflator,12,50,1.1209176773456915
abm_balanced_h12_common_cells,beforeit_abm_us_v2_mean,unemployment_rate,4,50,2.7777618079590685
abm_balanced_h12_common_cells,beforeit_abm_us_v2_mean,unemployment_rate,2,50,2.35704044979916
abm_balanced_h12_common_cells,beforeit_abm_us_v2_mean,nominal_gdp,1,50,2.694321547055036
abm_balanced_h12_common_cells,beforeit_abm_us_v2_mean,effective_federal_funds_rate,4,50,0.6783828111815899
abm_balanced_h12_common_cells,beforeit_abm_us_v2_mean,gdp_deflator,1,50,0.845346248028116
abm_balanced_h12_common_cells,beforeit_abm_us_v2_mean,nominal_gdp,12,50,3.1133416007623396
abm_balanced_h12_common_cells,beforeit_abm_us_v2_mean,real_gdp,8,50,2.430397790013678
abm_balanced_h12_common_cells,beforeit_abm_us_v2_mean,real_gdp,12,50,2.4257219171255064
abm_balanced_h12_common_cells,beforeit_abm_us_v2_mean,unemployment_rate,12,50,4.574856451259526
abm_balanced_h12_common_cells,beforeit_abm_us_v2_mean,nominal_gdp,4,50,2.888256026511771
abm_balanced_h12_common_cells,beforeit_abm_us_v2_mean,real_gdp,2,50,2.3675814568352473
abm_pandemic_masked_common_cells,beforeit_abm_us_v2_mean,effective_federal_funds_rate,2,52,0.3315634434566944
abm_pandemic_masked_common_cells,beforeit_abm_us_v2_mean,effective_federal_funds_rate,8,46,1.1398489568447487
abm_pandemic_masked_common_cells,beforeit_abm_us_v2_mean,nominal_gdp,8,46,1.3451313338756292
abm_pandemic_masked_common_cells,beforeit_abm_us_v2_mean,effective_federal_funds_rate,12,42,1.5352053194553597
abm_pandemic_masked_common_cells,beforeit_abm_us_v2_mean,gdp_deflator,2,52,0.6558250011392014
abm_pandemic_masked_common_cells,beforeit_abm_us_v2_mean,real_gdp,4,50,1.0572630979240116
abm_pandemic_masked_common_cells,beforeit_abm_us_v2_mean,unemployment_rate,8,46,3.6245658126576723
abm_pandemic_masked_common_cells,beforeit_abm_us_v2_mean,unemployment_rate,1,53,1.7800219195822442
abm_pandemic_masked_common_cells,beforeit_abm_us_v2_mean,nominal_gdp,2,52,1.1495562952296838
abm_pandemic_masked_common_cells,beforeit_abm_us_v2_mean,effective_federal_funds_rate,1,53,0.17117261313511858
abm_pandemic_masked_common_cells,beforeit_abm_us_v2_mean,gdp_deflator,4,50,0.7518349716585804
abm_pandemic_masked_common_cells,beforeit_abm_us_v2_mean,real_gdp,1,53,1.042828807413635
abm_pandemic_masked_common_cells,beforeit_abm_us_v2_mean,gdp_deflator,8,46,0.8282436567107474
abm_pandemic_masked_common_cells,beforeit_abm_us_v2_mean,gdp_deflator,12,42,0.8713010716220282
abm_pandemic_masked_common_cells,beforeit_abm_us_v2_mean,unemployment_rate,4,50,2.3533102752828987
abm_pandemic_masked_common_cells,beforeit_abm_us_v2_mean,unemployment_rate,2,52,1.8760845507905268
abm_pandemic_masked_common_cells,beforeit_abm_us_v2_mean,nominal_gdp,1,53,1.143608486161008
abm_pandemic_masked_common_cells,beforeit_abm_us_v2_mean,effective_federal_funds_rate,4,50,0.6291095791611403
abm_pandemic_masked_common_cells,beforeit_abm_us_v2_mean,gdp_deflator,1,53,0.6389311039998565
abm_pandemic_masked_common_cells,beforeit_abm_us_v2_mean,nominal_gdp,12,42,1.3687597393677644
abm_pandemic_masked_common_cells,beforeit_abm_us_v2_mean,real_gdp,8,46,1.092079072475215
abm_pandemic_masked_common_cells,beforeit_abm_us_v2_mean,real_gdp,12,42,1.0472158118449943
abm_pandemic_masked_common_cells,beforeit_abm_us_v2_mean,unemployment_rate,12,42,4.210525452459119
abm_pandemic_masked_common_cells,beforeit_abm_us_v2_mean,nominal_gdp,4,50,1.1924679870947068
abm_pandemic_masked_common_cells,beforeit_abm_us_v2_mean,real_gdp,2,52,1.0673879806977422
abm_all_available_common_cells,beforeit_abm_us_v1_mean,effective_federal_funds_rate,2,60,0.34900175760319513
abm_all_available_common_cells,beforeit_abm_us_v1_mean,effective_federal_funds_rate,8,54,1.175755884550422
abm_all_available_common_cells,beforeit_abm_us_v1_mean,nominal_gdp,8,54,3.489894557600778
abm_all_available_common_cells,beforeit_abm_us_v1_mean,effective_federal_funds_rate,12,50,1.4519497443886455
abm_all_available_common_cells,beforeit_abm_us_v1_mean,gdp_deflator,2,60,0.8679461331193213
abm_all_available_common_cells,beforeit_abm_us_v1_mean,real_gdp,4,58,3.181136152137066
abm_all_available_common_cells,beforeit_abm_us_v1_mean,unemployment_rate,8,54,1.1572806485200045
abm_all_available_common_cells,beforeit_abm_us_v1_mean,unemployment_rate,1,61,1.866810059911757
abm_all_available_common_cells,beforeit_abm_us_v1_mean,nominal_gdp,2,60,7.021493456703377
abm_all_available_common_cells,beforeit_abm_us_v1_mean,effective_federal_funds_rate,1,61,0.1769122696665325
abm_all_available_common_cells,beforeit_abm_us_v1_mean,gdp_deflator,4,58,0.9937443952154635
abm_all_available_common_cells,beforeit_abm_us_v1_mean,real_gdp,1,61,2.39870185267049
abm_all_available_common_cells,beforeit_abm_us_v1_mean,gdp_deflator,8,54,1.065877553210586
abm_all_available_common_cells,beforeit_abm_us_v1_mean,gdp_deflator,12,50,1.124588258671661
abm_all_available_common_cells,beforeit_abm_us_v1_mean,unemployment_rate,4,58,1.2188276139038996
abm_all_available_common_cells,beforeit_abm_us_v1_mean,unemployment_rate,2,60,1.2902138797614597
abm_all_available_common_cells,beforeit_abm_us_v1_mean,nominal_gdp,1,61,2.6917905390598693
abm_all_available_common_cells,beforeit_abm_us_v1_mean,effective_federal_funds_rate,4,58,0.6720802565787155
abm_all_available_common_cells,beforeit_abm_us_v1_mean,gdp_deflator,1,61,0.8072369948556902
abm_all_available_common_cells,beforeit_abm_us_v1_mean,nominal_gdp,12,50,3.6473251503176893
abm_all_available_common_cells,beforeit_abm_us_v1_mean,real_gdp,8,54,2.8697471855897105
abm_all_available_common_cells,beforeit_abm_us_v1_mean,real_gdp,12,50,2.9134125847432277
abm_all_available_common_cells,beforeit_abm_us_v1_mean,unemployment_rate,12,50,1.0142890675429086
abm_all_available_common_cells,beforeit_abm_us_v1_mean,nominal_gdp,4,58,3.6305925656130063
abm_all_available_common_cells,beforeit_abm_us_v1_mean,real_gdp,2,60,6.7342215593609955
abm_balanced_h12_common_cells,beforeit_abm_us_v1_mean,effective_federal_funds_rate,2,50,0.33765966414085996
abm_balanced_h12_common_cells,beforeit_abm_us_v1_mean,effective_federal_funds_rate,8,50,1.234342392348486
abm_balanced_h12_common_cells,beforeit_abm_us_v1_mean,nominal_gdp,8,50,3.6098350255805776
abm_balanced_h12_common_cells,beforeit_abm_us_v1_mean,effective_federal_funds_rate,12,50,1.4519497443886455
abm_balanced_h12_common_cells,beforeit_abm_us_v1_mean,gdp_deflator,2,50,0.9443136234360217
abm_balanced_h12_common_cells,beforeit_abm_us_v1_mean,real_gdp,4,50,3.3577648930909345
abm_balanced_h12_common_cells,beforeit_abm_us_v1_mean,unemployment_rate,8,50,1.193323596933174
abm_balanced_h12_common_cells,beforeit_abm_us_v1_mean,unemployment_rate,1,50,2.2189722234391893
abm_balanced_h12_common_cells,beforeit_abm_us_v1_mean,nominal_gdp,2,50,7.337597543715037
abm_balanced_h12_common_cells,beforeit_abm_us_v1_mean,effective_federal_funds_rate,1,50,0.16528670770700635
abm_balanced_h12_common_cells,beforeit_abm_us_v1_mean,gdp_deflator,4,50,1.0652256782048846
abm_balanced_h12_common_cells,beforeit_abm_us_v1_mean,real_gdp,1,50,2.594482944914029
abm_balanced_h12_common_cells,beforeit_abm_us_v1_mean,gdp_deflator,8,50,1.1034948667073792
abm_balanced_h12_common_cells,beforeit_abm_us_v1_mean,gdp_deflator,12,50,1.124588258671661
abm_balanced_h12_common_cells,beforeit_abm_us_v1_mean,unemployment_rate,4,50,1.2956703015699174
abm_balanced_h12_common_cells,beforeit_abm_us_v1_mean,unemployment_rate,2,50,1.4652832289156361
abm_balanced_h12_common_cells,beforeit_abm_us_v1_mean,nominal_gdp,1,50,2.9381910067733368
abm_balanced_h12_common_cells,beforeit_abm_us_v1_mean,effective_federal_funds_rate,4,50,0.6795591335336306
abm_balanced_h12_common_cells,beforeit_abm_us_v1_mean,gdp_deflator,1,50,0.845346248028115
abm_balanced_h12_common_cells,beforeit_abm_us_v1_mean,nominal_gdp,12,50,3.6473251503176893
abm_balanced_h12_common_cells,beforeit_abm_us_v1_mean,real_gdp,8,50,2.9599279395833524
abm_balanced_h12_common_cells,beforeit_abm_us_v1_mean,real_gdp,12,50,2.9134125847432277
abm_balanced_h12_common_cells,beforeit_abm_us_v1_mean,unemployment_rate,12,50,1.0142890675429086
abm_balanced_h12_common_cells,beforeit_abm_us_v1_mean,nominal_gdp,4,50,3.857515003598237
abm_balanced_h12_common_cells,beforeit_abm_us_v1_mean,real_gdp,2,50,6.99857835777126
abm_pandemic_masked_common_cells,beforeit_abm_us_v1_mean,effective_federal_funds_rate,2,52,0.33224314486070905
abm_pandemic_masked_common_cells,beforeit_abm_us_v1_mean,effective_federal_funds_rate,8,46,1.1401333673146727
abm_pandemic_masked_common_cells,beforeit_abm_us_v1_mean,nominal_gdp,8,46,1.7996209524387623
abm_pandemic_masked_common_cells,beforeit_abm_us_v1_mean,effective_federal_funds_rate,12,42,1.542052878417562
abm_pandemic_masked_common_cells,beforeit_abm_us_v1_mean,gdp_deflator,2,52,0.6550365998255548
abm_pandemic_masked_common_cells,beforeit_abm_us_v1_mean,real_gdp,4,50,1.9854344822797572
abm_pandemic_masked_common_cells,beforeit_abm_us_v1_mean,unemployment_rate,8,46,1.038427217169075
abm_pandemic_masked_common_cells,beforeit_abm_us_v1_mean,unemployment_rate,1,53,1.716548856144968
abm_pandemic_masked_common_cells,beforeit_abm_us_v1_mean,nominal_gdp,2,52,5.747100425129217
abm_pandemic_masked_common_cells,beforeit_abm_us_v1_mean,effective_federal_funds_rate,1,53,0.17117261313511858
abm_pandemic_masked_common_cells,beforeit_abm_us_v1_mean,gdp_deflator,4,50,0.7558724516221957
abm_pandemic_masked_common_cells,beforeit_abm_us_v1_mean,real_gdp,1,53,1.2712046853521617
abm_pandemic_masked_common_cells,beforeit_abm_us_v1_mean,gdp_deflator,8,46,0.821879127207496
abm_pandemic_masked_common_cells,beforeit_abm_us_v1_mean,gdp_deflator,12,42,0.8745961427032087
abm_pandemic_masked_common_cells,beforeit_abm_us_v1_mean,unemployment_rate,4,50,1.1129371610076775
abm_pandemic_masked_common_cells,beforeit_abm_us_v1_mean,unemployment_rate,2,52,1.17280056589995
abm_pandemic_masked_common_cells,beforeit_abm_us_v1_mean,nominal_gdp,1,53,1.3341969216346645
abm_pandemic_masked_common_cells,beforeit_abm_us_v1_mean,effective_federal_funds_rate,4,50,0.6289395120340392
abm_pandemic_masked_common_cells,beforeit_abm_us_v1_mean,gdp_deflator,1,53,0.6389311039998555
abm_pandemic_masked_common_cells,beforeit_abm_us_v1_mean,nominal_gdp,12,42,1.8386619906603028
abm_pandemic_masked_common_cells,beforeit_abm_us_v1_mean,real_gdp,8,46,1.543718213811974
abm_pandemic_masked_common_cells,beforeit_abm_us_v1_mean,real_gdp,12,42,1.4784144013770988
abm_pandemic_masked_common_cells,beforeit_abm_us_v1_mean,unemployment_rate,12,42,0.8416422556025113
abm_pandemic_masked_common_cells,beforeit_abm_us_v1_mean,nominal_gdp,4,50,2.0854046112696327
abm_pandemic_masked_common_cells,beforeit_abm_us_v1_mean,real_gdp,2,52,5.816379255558563
abm_all_available_common_cells,dsge_small_nk,effective_federal_funds_rate,2,60,0.40478664759941746
abm_all_available_common_cells,dsge_small_nk,effective_federal_funds_rate,8,54,0.7866931675383578
abm_all_available_common_cells,dsge_small_nk,nominal_gdp,8,54,4.068632747139789
abm_all_available_common_cells,dsge_small_nk,effective_federal_funds_rate,12,50,1.0331384216111164
abm_all_available_common_cells,dsge_small_nk,real_gdp,4,58,3.0831991622882926
abm_all_available_common_cells,dsge_small_nk,gdp_deflator,2,60,0.8672181067482795
abm_all_available_common_cells,dsge_small_nk,unemployment_rate,8,54,2.853464834851172
abm_all_available_common_cells,dsge_small_nk,unemployment_rate,1,61,0.5691215230827802
abm_all_available_common_cells,dsge_small_nk,nominal_gdp,2,60,3.540346777833554
abm_all_available_common_cells,dsge_small_nk,gdp_deflator,4,58,1.0534965181910463
abm_all_available_common_cells,dsge_small_nk,effective_federal_funds_rate,1,61,0.2530949445414563
abm_all_available_common_cells,dsge_small_nk,real_gdp,1,61,3.1047403442850268
abm_all_available_common_cells,dsge_small_nk,gdp_deflator,8,54,1.2258965937876354
abm_all_available_common_cells,dsge_small_nk,gdp_deflator,12,50,1.3141271377151407
abm_all_available_common_cells,dsge_small_nk,unemployment_rate,4,58,1.703315476538718
abm_all_available_common_cells,dsge_small_nk,unemployment_rate,2,60,0.988066286529839
abm_all_available_common_cells,dsge_small_nk,nominal_gdp,1,61,3.4741918523733877
abm_all_available_common_cells,dsge_small_nk,gdp_deflator,1,61,0.7802817167623298
abm_all_available_common_cells,dsge_small_nk,real_gdp,8,54,3.143223004821743
abm_all_available_common_cells,dsge_small_nk,nominal_gdp,12,50,4.297445758389233
abm_all_available_common_cells,dsge_small_nk,unemployment_rate,12,50,3.892435984850234
abm_all_available_common_cells,dsge_small_nk,real_gdp,12,50,3.2794749510113173
abm_all_available_common_cells,dsge_small_nk,effective_federal_funds_rate,4,58,0.5649973478983493
abm_all_available_common_cells,dsge_small_nk,real_gdp,2,60,3.0551366925217067
abm_all_available_common_cells,dsge_small_nk,nominal_gdp,4,58,3.7428501961575185
abm_balanced_h12_common_cells,dsge_small_nk,effective_federal_funds_rate,2,50,0.42033861016217017
abm_balanced_h12_common_cells,dsge_small_nk,effective_federal_funds_rate,8,50,0.8019327096055977
abm_balanced_h12_common_cells,dsge_small_nk,nominal_gdp,8,50,4.221569751648883
abm_balanced_h12_common_cells,dsge_small_nk,effective_federal_funds_rate,12,50,1.0331384216111164
abm_balanced_h12_common_cells,dsge_small_nk,real_gdp,4,50,3.321161215080796
abm_balanced_h12_common_cells,dsge_small_nk,gdp_deflator,2,50,0.9292186298252062
abm_balanced_h12_common_cells,dsge_small_nk,unemployment_rate,8,50,3.009789421909811
abm_balanced_h12_common_cells,dsge_small_nk,unemployment_rate,1,50,0.6266659291477895
abm_balanced_h12_common_cells,dsge_small_nk,nominal_gdp,2,50,3.8923790939683682
abm_balanced_h12_common_cells,dsge_small_nk,gdp_deflator,4,50,1.1078038926699154
abm_balanced_h12_common_cells,dsge_small_nk,effective_federal_funds_rate,1,50,0.2656267186821659
abm_balanced_h12_common_cells,dsge_small_nk,real_gdp,1,50,3.4502627276451774
abm_balanced_h12_common_cells,dsge_small_nk,gdp_deflator,8,50,1.2477898241810768
abm_balanced_h12_common_cells,dsge_small_nk,gdp_deflator,12,50,1.3141271377151407
abm_balanced_h12_common_cells,dsge_small_nk,unemployment_rate,4,50,1.8641219488449354
abm_balanced_h12_common_cells,dsge_small_nk,unemployment_rate,2,50,1.094141036316876
abm_balanced_h12_common_cells,dsge_small_nk,nominal_gdp,1,50,3.851340940980424
abm_balanced_h12_common_cells,dsge_small_nk,gdp_deflator,1,50,0.7980975127405595
abm_balanced_h12_common_cells,dsge_small_nk,real_gdp,8,50,3.2585041790849787
abm_balanced_h12_common_cells,dsge_small_nk,nominal_gdp,12,50,4.297445758389233
abm_balanced_h12_common_cells,dsge_small_nk,unemployment_rate,12,50,3.892435984850234
abm_balanced_h12_common_cells,dsge_small_nk,real_gdp,12,50,3.2794749510113173
abm_balanced_h12_common_cells,dsge_small_nk,effective_federal_funds_rate,4,50,0.57467034535231
abm_balanced_h12_common_cells,dsge_small_nk,real_gdp,2,50,3.3481930323566758
abm_balanced_h12_common_cells,dsge_small_nk,nominal_gdp,4,50,4.047225924153614
abm_pandemic_masked_common_cells,dsge_small_nk,effective_federal_funds_rate,2,52,0.359766167648452
abm_pandemic_masked_common_cells,dsge_small_nk,effective_federal_funds_rate,8,46,0.8020865440583214
abm_pandemic_masked_common_cells,dsge_small_nk,nominal_gdp,8,46,2.6052315283677068
abm_pandemic_masked_common_cells,dsge_small_nk,effective_federal_funds_rate,12,42,1.1268072255097838
abm_pandemic_masked_common_cells,dsge_small_nk,real_gdp,4,50,1.9170734779298098
abm_pandemic_masked_common_cells,dsge_small_nk,gdp_deflator,2,52,0.6873527564268921
abm_pandemic_masked_common_cells,dsge_small_nk,unemployment_rate,8,46,3.026047112586802
abm_pandemic_masked_common_cells,dsge_small_nk,unemployment_rate,1,53,0.3015667380509781
abm_pandemic_masked_common_cells,dsge_small_nk,nominal_gdp,2,52,2.175333268675264
abm_pandemic_masked_common_cells,dsge_small_nk,gdp_deflator,4,50,0.7918504943634131
abm_pandemic_masked_common_cells,dsge_small_nk,effective_federal_funds_rate,1,53,0.21785298358411628
abm_pandemic_masked_common_cells,dsge_small_nk,real_gdp,1,53,1.9646886311788814
abm_pandemic_masked_common_cells,dsge_small_nk,gdp_deflator,8,46,0.9663170481358393
abm_pandemic_masked_common_cells,dsge_small_nk,gdp_deflator,12,42,1.0429690167282755
abm_pandemic_masked_common_cells,dsge_small_nk,unemployment_rate,4,50,1.276134336926807
abm_pandemic_masked_common_cells,dsge_small_nk,unemployment_rate,2,52,0.5909585253290707
abm_pandemic_masked_common_cells,dsge_small_nk,nominal_gdp,1,53,2.1573106068992383
abm_pandemic_masked_common_cells,dsge_small_nk,gdp_deflator,1,53,0.6411653435954364
abm_pandemic_masked_common_cells,dsge_small_nk,real_gdp,8,46,1.9801875268274782
abm_pandemic_masked_common_cells,dsge_small_nk,nominal_gdp,12,42,2.7046530051444027
abm_pandemic_masked_common_cells,dsge_small_nk,unemployment_rate,12,42,4.363089574270349
abm_pandemic_masked_common_cells,dsge_small_nk,real_gdp,12,42,1.993934023390756
abm_pandemic_masked_common_cells,dsge_small_nk,effective_federal_funds_rate,4,50,0.5442593165825979
abm_pandemic_masked_common_cells,dsge_small_nk,real_gdp,2,52,1.9079830059266665
abm_pandemic_masked_common_cells,dsge_small_nk,nominal_gdp,4,50,2.2734055166773732
abm_all_available_common_cells,dsge_sw07,effective_federal_funds_rate,2,60,0.6216917536842629
abm_all_available_common_cells,dsge_sw07,effective_federal_funds_rate,8,54,1.5112979476440445
abm_all_available_common_cells,dsge_sw07,nominal_gdp,8,54,3.0089567938822674
abm_all_available_common_cells,dsge_sw07,effective_federal_funds_rate,12,50,1.8022486457508229
abm_all_available_common_cells,dsge_sw07,real_gdp,4,58,2.6463623721755245
abm_all_available_common_cells,dsge_sw07,gdp_deflator,2,60,0.8220241635367321
abm_all_available_common_cells,dsge_sw07,unemployment_rate,8,54,1.2528344178685042
abm_all_available_common_cells,dsge_sw07,unemployment_rate,1,61,0.4301248425513152
abm_all_available_common_cells,dsge_sw07,nominal_gdp,2,60,2.9473555048907203
abm_all_available_common_cells,dsge_sw07,gdp_deflator,4,58,0.9505321238339547
abm_all_available_common_cells,dsge_sw07,effective_federal_funds_rate,1,61,0.3297031032992774
abm_all_available_common_cells,dsge_sw07,real_gdp,1,61,2.775266253738327
abm_all_available_common_cells,dsge_sw07,gdp_deflator,8,54,1.073447017496878
abm_all_available_common_cells,dsge_sw07,gdp_deflator,12,50,1.0924089927030138
abm_all_available_common_cells,dsge_sw07,unemployment_rate,4,58,0.9725739151270335
abm_all_available_common_cells,dsge_sw07,unemployment_rate,2,60,0.6790615717589149
abm_all_available_common_cells,dsge_sw07,nominal_gdp,1,61,2.9858983726089834
abm_all_available_common_cells,dsge_sw07,gdp_deflator,1,61,0.7617270766342793
abm_all_available_common_cells,dsge_sw07,real_gdp,8,54,2.631045281134945
abm_all_available_common_cells,dsge_sw07,nominal_gdp,12,50,3.1204278821924616
abm_all_available_common_cells,dsge_sw07,unemployment_rate,12,50,1.2999319314043032
abm_all_available_common_cells,dsge_sw07,real_gdp,12,50,2.5597836608477404
abm_all_available_common_cells,dsge_sw07,effective_federal_funds_rate,4,58,1.057743532936034
abm_all_available_common_cells,dsge_sw07,real_gdp,2,60,2.7396626852007575
abm_all_available_common_cells,dsge_sw07,nominal_gdp,4,58,2.9622774831477487
abm_balanced_h12_common_cells,dsge_sw07,effective_federal_funds_rate,2,50,0.6744548091375046
abm_balanced_h12_common_cells,dsge_sw07,effective_federal_funds_rate,8,50,1.5848640161994172
abm_balanced_h12_common_cells,dsge_sw07,nominal_gdp,8,50,3.1096631745559216
abm_balanced_h12_common_cells,dsge_sw07,effective_federal_funds_rate,12,50,1.8022486457508229
abm_balanced_h12_common_cells,dsge_sw07,real_gdp,4,50,2.8341158929877888
abm_balanced_h12_common_cells,dsge_sw07,gdp_deflator,2,50,0.8824076319193945
abm_balanced_h12_common_cells,dsge_sw07,unemployment_rate,8,50,1.2762828599764464
abm_balanced_h12_common_cells,dsge_sw07,unemployment_rate,1,50,0.46461672176948626
abm_balanced_h12_common_cells,dsge_sw07,nominal_gdp,2,50,3.224938656953175
abm_balanced_h12_common_cells,dsge_sw07,gdp_deflator,4,50,1.0087791431213469
abm_balanced_h12_common_cells,dsge_sw07,effective_federal_funds_rate,1,50,0.35339526665300547
abm_balanced_h12_common_cells,dsge_sw07,real_gdp,1,50,3.0658400020154604
abm_balanced_h12_common_cells,dsge_sw07,gdp_deflator,8,50,1.1022745213195266
abm_balanced_h12_common_cells,dsge_sw07,gdp_deflator,12,50,1.0924089927030138
abm_balanced_h12_common_cells,dsge_sw07,unemployment_rate,4,50,1.0176450291421375
abm_balanced_h12_common_cells,dsge_sw07,unemployment_rate,2,50,0.725279347023442
abm_balanced_h12_common_cells,dsge_sw07,nominal_gdp,1,50,3.3247708130451405
abm_balanced_h12_common_cells,dsge_sw07,gdp_deflator,1,50,0.786302610330223
abm_balanced_h12_common_cells,dsge_sw07,real_gdp,8,50,2.7133961144058913
abm_balanced_h12_common_cells,dsge_sw07,nominal_gdp,12,50,3.1204278821924616
abm_balanced_h12_common_cells,dsge_sw07,unemployment_rate,12,50,1.2999319314043032
abm_balanced_h12_common_cells,dsge_sw07,real_gdp,12,50,2.5597836608477404
abm_balanced_h12_common_cells,dsge_sw07,effective_federal_funds_rate,4,50,1.145333520096456
abm_balanced_h12_common_cells,dsge_sw07,real_gdp,2,50,2.9820509508421837
abm_balanced_h12_common_cells,dsge_sw07,nominal_gdp,4,50,3.1865617142972007
abm_pandemic_masked_common_cells,dsge_sw07,effective_federal_funds_rate,2,52,0.5540799567555135
abm_pandemic_masked_common_cells,dsge_sw07,effective_federal_funds_rate,8,46,1.4444364939379293
abm_pandemic_masked_common_cells,dsge_sw07,nominal_gdp,8,46,1.5382818302342813
abm_pandemic_masked_common_cells,dsge_sw07,effective_federal_funds_rate,12,42,1.7482157119066406
abm_pandemic_masked_common_cells,dsge_sw07,real_gdp,4,50,1.6106514518039765
abm_pandemic_masked_common_cells,dsge_sw07,gdp_deflator,2,52,0.6805277413748906
abm_pandemic_masked_common_cells,dsge_sw07,unemployment_rate,8,46,0.9565634303795738
abm_pandemic_masked_common_cells,dsge_sw07,unemployment_rate,1,53,0.16345755334759812
abm_pandemic_masked_common_cells,dsge_sw07,nominal_gdp,2,52,1.6105381677296116
abm_pandemic_masked_common_cells,dsge_sw07,gdp_deflator,4,50,0.7307804285058614
abm_pandemic_masked_common_cells,dsge_sw07,effective_federal_funds_rate,1,53,0.29392490208563266
abm_pandemic_masked_common_cells,dsge_sw07,real_gdp,1,53,1.47121707551918
abm_pandemic_masked_common_cells,dsge_sw07,gdp_deflator,8,46,0.8771963307159986
abm_pandemic_masked_common_cells,dsge_sw07,gdp_deflator,12,42,0.8925482872763353
abm_pandemic_masked_common_cells,dsge_sw07,unemployment_rate,4,50,0.5246520812778154
abm_pandemic_masked_common_cells,dsge_sw07,unemployment_rate,2,52,0.28537846027173197
abm_pandemic_masked_common_cells,dsge_sw07,nominal_gdp,1,53,1.4697831125277108
abm_pandemic_masked_common_cells,dsge_sw07,gdp_deflator,1,53,0.616446496360245
abm_pandemic_masked_common_cells,dsge_sw07,real_gdp,8,46,1.48999755691002
abm_pandemic_masked_common_cells,dsge_sw07,nominal_gdp,12,42,1.5308395313434537
abm_pandemic_masked_common_cells,dsge_sw07,unemployment_rate,12,42,1.007032092649668
abm_pandemic_masked_common_cells,dsge_sw07,real_gdp,12,42,1.2963692975071663
abm_pandemic_masked_common_cells,dsge_sw07,effective_federal_funds_rate,4,50,0.9735342436807153
abm_pandemic_masked_common_cells,dsge_sw07,real_gdp,2,52,1.6071517339855352
abm_pandemic_masked_common_cells,dsge_sw07,nominal_gdp,4,50,1.6187231551565815
