sample_track,target_set,model_id,benchmark_model_id,status,cell_count,expected_cell_count,weighted_rmse_ratio,weighted_mae_ratio
abm_all_available_common_cells,headline_real_gdp_gdp_deflator,naive_no_change,beforeit_var_p1_constant,COMPLETE_MATCHED,10,10,1.0747618363076665,1.1213803094292427
abm_all_available_common_cells,headline_real_gdp_gdp_deflator,naive_drift,beforeit_var_p1_constant,COMPLETE_MATCHED,10,10,1.1057663893348681,1.1562877601310952
abm_all_available_common_cells,headline_real_gdp_gdp_deflator,naive_historical_mean,beforeit_var_p1_constant,COMPLETE_MATCHED,10,10,0.8789119796674197,0.8380823355571503
abm_all_available_common_cells,headline_real_gdp_gdp_deflator,univariate_ar_p1_constant,beforeit_var_p1_constant,COMPLETE_MATCHED,10,10,0.9178841242969804,0.8877330687235799
abm_all_available_common_cells,headline_real_gdp_gdp_deflator,univariate_ar_p4_constant,beforeit_var_p1_constant,COMPLETE_MATCHED,10,10,0.9387425645223512,0.92274418228974
abm_all_available_common_cells,headline_real_gdp_gdp_deflator,univariate_ar_bic_p1-2-3-4-5-6-7-8_constant,beforeit_var_p1_constant,COMPLETE_MATCHED,10,10,0.9285810586279682,0.9010958204625694
abm_all_available_common_cells,headline_real_gdp_gdp_deflator,beforeit_var_p1_constant,beforeit_var_p1_constant,COMPLETE_MATCHED,10,10,1.0,1.0
abm_all_available_common_cells,headline_real_gdp_gdp_deflator,beforeit_var_p2_constant,beforeit_var_p1_constant,COMPLETE_MATCHED,10,10,2.120736236368622,1.496073767599479
abm_all_available_common_cells,headline_real_gdp_gdp_deflator,beforeit_var_p3_constant,beforeit_var_p1_constant,COMPLETE_MATCHED,10,10,5.312660922494435,2.6721041335565516
abm_all_available_common_cells,headline_real_gdp_gdp_deflator,bvar_mniw_v1_p1_constant_tight3fc999999999999a_decay3ff0000000000000_own0000000000000000_ivar4059000000000000_iwoff2_iscale3ff0000000000000_floor3e45798ee2308c3a_diffmse_scale,beforeit_var_p1_constant,COMPLETE_MATCHED,10,10,0.9079538493976241,0.895707574718776
abm_all_available_common_cells,headline_real_gdp_gdp_deflator,beforeit_abm_us_v3_mean,beforeit_var_p1_constant,COMPLETE_MATCHED,10,10,0.8288296465355448,0.8076092569090383
abm_all_available_common_cells,headline_real_gdp_gdp_deflator,beforeit_abm_us_v3_median,beforeit_var_p1_constant,COMPLETE_MATCHED,10,10,0.8292520803427843,0.8089147353580358
abm_all_available_common_cells,headline_real_gdp_gdp_deflator,beforeit_abm_us_v2_mean,beforeit_var_p1_constant,COMPLETE_MATCHED,10,10,0.8295298616096798,0.8134778729228476
abm_all_available_common_cells,headline_real_gdp_gdp_deflator,beforeit_abm_us_v2_median,beforeit_var_p1_constant,COMPLETE_MATCHED,10,10,0.8301390081347542,0.8153661154970154
abm_all_available_common_cells,headline_real_gdp_gdp_deflator,beforeit_abm_us_v1_mean,beforeit_var_p1_constant,COMPLETE_MATCHED,10,10,0.9047836956905649,1.137022116199356
abm_all_available_common_cells,headline_real_gdp_gdp_deflator,beforeit_abm_us_v1_median,beforeit_var_p1_constant,COMPLETE_MATCHED,10,10,0.9033574661534554,1.1302571461299964
abm_all_available_common_cells,headline_real_gdp_gdp_deflator,dsge_small_nk,beforeit_var_p1_constant,COMPLETE_MATCHED,10,10,0.8897363245988648,1.081126634877908
abm_all_available_common_cells,headline_real_gdp_gdp_deflator,dsge_small_nk_median,beforeit_var_p1_constant,COMPLETE_MATCHED,10,10,0.8893973406367416,1.079423477547506
abm_all_available_common_cells,headline_real_gdp_gdp_deflator,dsge_sw07,beforeit_var_p1_constant,COMPLETE_MATCHED,10,10,0.8574434218789304,0.9199371152776149
abm_all_available_common_cells,headline_real_gdp_gdp_deflator,dsge_sw07_median,beforeit_var_p1_constant,COMPLETE_MATCHED,10,10,0.8575409626879607,0.9197043625102146
abm_all_available_common_cells,secondary_nominal_gdp_effective_federal_funds_rate,naive_no_change,beforeit_var_p1_constant,COMPLETE_MATCHED,10,10,0.9050174127714063,0.8840107344139223
abm_all_available_common_cells,secondary_nominal_gdp_effective_federal_funds_rate,naive_drift,beforeit_var_p1_constant,COMPLETE_MATCHED,10,10,0.9632427934420562,1.0232708598781626
abm_all_available_common_cells,secondary_nominal_gdp_effective_federal_funds_rate,naive_historical_mean,beforeit_var_p1_constant,COMPLETE_MATCHED,10,10,1.2589801381551524,1.7103116154773785
abm_all_available_common_cells,secondary_nominal_gdp_effective_federal_funds_rate,univariate_ar_p1_constant,beforeit_var_p1_constant,COMPLETE_MATCHED,10,10,0.8307056677273899,0.7952946292289056
abm_all_available_common_cells,secondary_nominal_gdp_effective_federal_funds_rate,univariate_ar_p4_constant,beforeit_var_p1_constant,COMPLETE_MATCHED,10,10,0.7912161024239096,0.8326110090156296
abm_all_available_common_cells,secondary_nominal_gdp_effective_federal_funds_rate,univariate_ar_bic_p1-2-3-4-5-6-7-8_constant,beforeit_var_p1_constant,COMPLETE_MATCHED,10,10,0.7796454595584312,0.81643492074669
abm_all_available_common_cells,secondary_nominal_gdp_effective_federal_funds_rate,beforeit_var_p1_constant,beforeit_var_p1_constant,COMPLETE_MATCHED,10,10,1.0,1.0
abm_all_available_common_cells,secondary_nominal_gdp_effective_federal_funds_rate,beforeit_var_p2_constant,beforeit_var_p1_constant,COMPLETE_MATCHED,10,10,1.5804277443712387,1.2456435184204384
abm_all_available_common_cells,secondary_nominal_gdp_effective_federal_funds_rate,beforeit_var_p3_constant,beforeit_var_p1_constant,COMPLETE_MATCHED,10,10,3.543094972326881,1.9896733208740385
abm_all_available_common_cells,secondary_nominal_gdp_effective_federal_funds_rate,bvar_mniw_v1_p1_constant_tight3fc999999999999a_decay3ff0000000000000_own0000000000000000_ivar4059000000000000_iwoff2_iscale3ff0000000000000_floor3e45798ee2308c3a_diffmse_scale,beforeit_var_p1_constant,COMPLETE_MATCHED,10,10,0.8092690824536513,0.8639316381877572
abm_all_available_common_cells,secondary_nominal_gdp_effective_federal_funds_rate,beforeit_abm_us_v3_mean,beforeit_var_p1_constant,COMPLETE_MATCHED,10,10,0.7146127070862721,0.7144414888899775
abm_all_available_common_cells,secondary_nominal_gdp_effective_federal_funds_rate,beforeit_abm_us_v3_median,beforeit_var_p1_constant,COMPLETE_MATCHED,10,10,0.7148279080409573,0.7117051705373446
abm_all_available_common_cells,secondary_nominal_gdp_effective_federal_funds_rate,beforeit_abm_us_v2_mean,beforeit_var_p1_constant,COMPLETE_MATCHED,10,10,0.7155607985735565,0.7174343009155587
abm_all_available_common_cells,secondary_nominal_gdp_effective_federal_funds_rate,beforeit_abm_us_v2_median,beforeit_var_p1_constant,COMPLETE_MATCHED,10,10,0.7162389304948401,0.715182721603727
abm_all_available_common_cells,secondary_nominal_gdp_effective_federal_funds_rate,beforeit_abm_us_v1_mean,beforeit_var_p1_constant,COMPLETE_MATCHED,10,10,0.7824063794006071,0.9705265908570169
abm_all_available_common_cells,secondary_nominal_gdp_effective_federal_funds_rate,beforeit_abm_us_v1_median,beforeit_var_p1_constant,COMPLETE_MATCHED,10,10,0.7810367082255644,0.9620237255066639
abm_all_available_common_cells,secondary_nominal_gdp_effective_federal_funds_rate,dsge_small_nk,beforeit_var_p1_constant,COMPLETE_MATCHED,10,10,0.769052161793269,1.0337708154734337
abm_all_available_common_cells,secondary_nominal_gdp_effective_federal_funds_rate,dsge_small_nk_median,beforeit_var_p1_constant,COMPLETE_MATCHED,10,10,0.7634918375807352,1.0181378403983616
abm_all_available_common_cells,secondary_nominal_gdp_effective_federal_funds_rate,dsge_sw07,beforeit_var_p1_constant,COMPLETE_MATCHED,10,10,0.911028266056984,1.1192307232619843
abm_all_available_common_cells,secondary_nominal_gdp_effective_federal_funds_rate,dsge_sw07_median,beforeit_var_p1_constant,COMPLETE_MATCHED,10,10,0.8906587552318836,1.0832637793287183
abm_all_available_common_cells,labour_unemployment_rate,naive_no_change,beforeit_var_p1_constant,COMPLETE_MATCHED,5,5,0.6534842549596968,0.8468379284774431
abm_all_available_common_cells,labour_unemployment_rate,naive_drift,beforeit_var_p1_constant,COMPLETE_MATCHED,5,5,0.6975200536320711,0.9572907693397414
abm_all_available_common_cells,labour_unemployment_rate,naive_historical_mean,beforeit_var_p1_constant,COMPLETE_MATCHED,5,5,0.756401651949427,1.9614498701915595
abm_all_available_common_cells,labour_unemployment_rate,univariate_ar_p1_constant,beforeit_var_p1_constant,COMPLETE_MATCHED,5,5,0.6528239434220015,1.0107295361238138
abm_all_available_common_cells,labour_unemployment_rate,univariate_ar_p4_constant,beforeit_var_p1_constant,COMPLETE_MATCHED,5,5,1.3437715126813248,1.4412346174913577
abm_all_available_common_cells,labour_unemployment_rate,univariate_ar_bic_p1-2-3-4-5-6-7-8_constant,beforeit_var_p1_constant,COMPLETE_MATCHED,5,5,1.3107128548792897,1.3045108319581327
abm_all_available_common_cells,labour_unemployment_rate,beforeit_var_p1_constant,beforeit_var_p1_constant,COMPLETE_MATCHED,5,5,1.0,1.0
abm_all_available_common_cells,labour_unemployment_rate,beforeit_var_p2_constant,beforeit_var_p1_constant,COMPLETE_MATCHED,5,5,1.0559999120646006,1.1656924977067702
abm_all_available_common_cells,labour_unemployment_rate,beforeit_var_p3_constant,beforeit_var_p1_constant,COMPLETE_MATCHED,5,5,3.6115421506172236,2.235505000255414
abm_all_available_common_cells,labour_unemployment_rate,bvar_mniw_v1_p1_constant_tight3fc999999999999a_decay3ff0000000000000_own0000000000000000_ivar4059000000000000_iwoff2_iscale3ff0000000000000_floor3e45798ee2308c3a_diffmse_scale,beforeit_var_p1_constant,COMPLETE_MATCHED,5,5,0.7105766645150825,0.9193478261026211
abm_all_available_common_cells,labour_unemployment_rate,beforeit_abm_us_v3_mean,beforeit_var_p1_constant,COMPLETE_MATCHED,5,5,0.9524103653836707,2.5432548936794785
abm_all_available_common_cells,labour_unemployment_rate,beforeit_abm_us_v3_median,beforeit_var_p1_constant,COMPLETE_MATCHED,5,5,0.9816846740861851,2.611822541656111
abm_all_available_common_cells,labour_unemployment_rate,beforeit_abm_us_v2_mean,beforeit_var_p1_constant,COMPLETE_MATCHED,5,5,1.2852677601583187,2.8050557993196716
abm_all_available_common_cells,labour_unemployment_rate,beforeit_abm_us_v2_median,beforeit_var_p1_constant,COMPLETE_MATCHED,5,5,1.2921877276764715,2.732343681407079
abm_all_available_common_cells,labour_unemployment_rate,beforeit_abm_us_v1_mean,beforeit_var_p1_constant,COMPLETE_MATCHED,5,5,0.843517630081027,1.8513693777455407
abm_all_available_common_cells,labour_unemployment_rate,beforeit_abm_us_v1_median,beforeit_var_p1_constant,COMPLETE_MATCHED,5,5,0.8354823436232324,1.8158359498112138
abm_all_available_common_cells,labour_unemployment_rate,dsge_small_nk,beforeit_var_p1_constant,COMPLETE_MATCHED,5,5,0.9648507341842825,1.6209534362149256
abm_all_available_common_cells,labour_unemployment_rate,dsge_small_nk_median,beforeit_var_p1_constant,COMPLETE_MATCHED,5,5,0.9630569066676641,1.621852369119562
abm_all_available_common_cells,labour_unemployment_rate,dsge_sw07,beforeit_var_p1_constant,COMPLETE_MATCHED,5,5,0.7289784301122525,0.8364392167666412
abm_all_available_common_cells,labour_unemployment_rate,dsge_sw07_median,beforeit_var_p1_constant,COMPLETE_MATCHED,5,5,0.7286333337163778,0.832951973953084
abm_balanced_h12_common_cells,headline_real_gdp_gdp_deflator,naive_no_change,beforeit_var_p1_constant,COMPLETE_MATCHED,10,10,1.071534004654398,1.1245609033207111
abm_balanced_h12_common_cells,headline_real_gdp_gdp_deflator,naive_drift,beforeit_var_p1_constant,COMPLETE_MATCHED,10,10,1.10255173636835,1.159728034058359
abm_balanced_h12_common_cells,headline_real_gdp_gdp_deflator,naive_historical_mean,beforeit_var_p1_constant,COMPLETE_MATCHED,10,10,0.8843141446871345,0.8461750730347184
abm_balanced_h12_common_cells,headline_real_gdp_gdp_deflator,univariate_ar_p1_constant,beforeit_var_p1_constant,COMPLETE_MATCHED,10,10,0.9184853050074173,0.8901014174010121
abm_balanced_h12_common_cells,headline_real_gdp_gdp_deflator,univariate_ar_p4_constant,beforeit_var_p1_constant,COMPLETE_MATCHED,10,10,0.9416278375308395,0.9332512030519767
abm_balanced_h12_common_cells,headline_real_gdp_gdp_deflator,univariate_ar_bic_p1-2-3-4-5-6-7-8_constant,beforeit_var_p1_constant,COMPLETE_MATCHED,10,10,0.9304250043667068,0.9080240983593629
abm_balanced_h12_common_cells,headline_real_gdp_gdp_deflator,beforeit_var_p1_constant,beforeit_var_p1_constant,COMPLETE_MATCHED,10,10,1.0,1.0
abm_balanced_h12_common_cells,headline_real_gdp_gdp_deflator,beforeit_var_p2_constant,beforeit_var_p1_constant,COMPLETE_MATCHED,10,10,2.122345854417733,1.4974009449871613
abm_balanced_h12_common_cells,headline_real_gdp_gdp_deflator,beforeit_var_p3_constant,beforeit_var_p1_constant,COMPLETE_MATCHED,10,10,5.319143435436277,2.6851546912658937
abm_balanced_h12_common_cells,headline_real_gdp_gdp_deflator,bvar_mniw_v1_p1_constant_tight3fc999999999999a_decay3ff0000000000000_own0000000000000000_ivar4059000000000000_iwoff2_iscale3ff0000000000000_floor3e45798ee2308c3a_diffmse_scale,beforeit_var_p1_constant,COMPLETE_MATCHED,10,10,0.9089986121426213,0.8931791586857714
abm_balanced_h12_common_cells,headline_real_gdp_gdp_deflator,beforeit_abm_us_v3_mean,beforeit_var_p1_constant,COMPLETE_MATCHED,10,10,0.8287188188409319,0.8061673460616197
abm_balanced_h12_common_cells,headline_real_gdp_gdp_deflator,beforeit_abm_us_v3_median,beforeit_var_p1_constant,COMPLETE_MATCHED,10,10,0.8289610507683247,0.8067319405625536
abm_balanced_h12_common_cells,headline_real_gdp_gdp_deflator,beforeit_abm_us_v2_mean,beforeit_var_p1_constant,COMPLETE_MATCHED,10,10,0.8291690517775588,0.8104196083949821
abm_balanced_h12_common_cells,headline_real_gdp_gdp_deflator,beforeit_abm_us_v2_median,beforeit_var_p1_constant,COMPLETE_MATCHED,10,10,0.8297224736296309,0.8121461440509128
abm_balanced_h12_common_cells,headline_real_gdp_gdp_deflator,beforeit_abm_us_v1_mean,beforeit_var_p1_constant,COMPLETE_MATCHED,10,10,0.8937660203900836,1.1022176458649349
abm_balanced_h12_common_cells,headline_real_gdp_gdp_deflator,beforeit_abm_us_v1_median,beforeit_var_p1_constant,COMPLETE_MATCHED,10,10,0.8929298563558177,1.0976623325134793
abm_balanced_h12_common_cells,headline_real_gdp_gdp_deflator,dsge_small_nk,beforeit_var_p1_constant,COMPLETE_MATCHED,10,10,0.885391434405299,1.0871742227750243
abm_balanced_h12_common_cells,headline_real_gdp_gdp_deflator,dsge_small_nk_median,beforeit_var_p1_constant,COMPLETE_MATCHED,10,10,0.8852482432584349,1.085910687107964
abm_balanced_h12_common_cells,headline_real_gdp_gdp_deflator,dsge_sw07,beforeit_var_p1_constant,COMPLETE_MATCHED,10,10,0.8560207476865015,0.9205619894696464
abm_balanced_h12_common_cells,headline_real_gdp_gdp_deflator,dsge_sw07_median,beforeit_var_p1_constant,COMPLETE_MATCHED,10,10,0.8559731729176403,0.9204623419296364
abm_balanced_h12_common_cells,secondary_nominal_gdp_effective_federal_funds_rate,naive_no_change,beforeit_var_p1_constant,COMPLETE_MATCHED,10,10,0.893815299704194,0.8600959214366362
abm_balanced_h12_common_cells,secondary_nominal_gdp_effective_federal_funds_rate,naive_drift,beforeit_var_p1_constant,COMPLETE_MATCHED,10,10,0.952953062506577,1.008362616353439
abm_balanced_h12_common_cells,secondary_nominal_gdp_effective_federal_funds_rate,naive_historical_mean,beforeit_var_p1_constant,COMPLETE_MATCHED,10,10,1.0782025896165848,1.4449752878084807
abm_balanced_h12_common_cells,secondary_nominal_gdp_effective_federal_funds_rate,univariate_ar_p1_constant,beforeit_var_p1_constant,COMPLETE_MATCHED,10,10,0.8125487615925151,0.7609985222166487
abm_balanced_h12_common_cells,secondary_nominal_gdp_effective_federal_funds_rate,univariate_ar_p4_constant,beforeit_var_p1_constant,COMPLETE_MATCHED,10,10,0.7871916439028697,0.8292984684078779
abm_balanced_h12_common_cells,secondary_nominal_gdp_effective_federal_funds_rate,univariate_ar_bic_p1-2-3-4-5-6-7-8_constant,beforeit_var_p1_constant,COMPLETE_MATCHED,10,10,0.7702020999347929,0.797634230879075
abm_balanced_h12_common_cells,secondary_nominal_gdp_effective_federal_funds_rate,beforeit_var_p1_constant,beforeit_var_p1_constant,COMPLETE_MATCHED,10,10,1.0,1.0
abm_balanced_h12_common_cells,secondary_nominal_gdp_effective_federal_funds_rate,beforeit_var_p2_constant,beforeit_var_p1_constant,COMPLETE_MATCHED,10,10,1.57168918902587,1.2246566635989236
abm_balanced_h12_common_cells,secondary_nominal_gdp_effective_federal_funds_rate,beforeit_var_p3_constant,beforeit_var_p1_constant,COMPLETE_MATCHED,10,10,3.533647581512419,1.967050800536632
abm_balanced_h12_common_cells,secondary_nominal_gdp_effective_federal_funds_rate,bvar_mniw_v1_p1_constant_tight3fc999999999999a_decay3ff0000000000000_own0000000000000000_ivar4059000000000000_iwoff2_iscale3ff0000000000000_floor3e45798ee2308c3a_diffmse_scale,beforeit_var_p1_constant,COMPLETE_MATCHED,10,10,0.7994700190195811,0.843453739158049
abm_balanced_h12_common_cells,secondary_nominal_gdp_effective_federal_funds_rate,beforeit_abm_us_v3_mean,beforeit_var_p1_constant,COMPLETE_MATCHED,10,10,0.7022937631376355,0.691402523983195
abm_balanced_h12_common_cells,secondary_nominal_gdp_effective_federal_funds_rate,beforeit_abm_us_v3_median,beforeit_var_p1_constant,COMPLETE_MATCHED,10,10,0.7023995020230819,0.6877474962894339
abm_balanced_h12_common_cells,secondary_nominal_gdp_effective_federal_funds_rate,beforeit_abm_us_v2_mean,beforeit_var_p1_constant,COMPLETE_MATCHED,10,10,0.7032452927509638,0.694030626017988
abm_balanced_h12_common_cells,secondary_nominal_gdp_effective_federal_funds_rate,beforeit_abm_us_v2_median,beforeit_var_p1_constant,COMPLETE_MATCHED,10,10,0.703957624892788,0.6911517248855753
abm_balanced_h12_common_cells,secondary_nominal_gdp_effective_federal_funds_rate,beforeit_abm_us_v1_mean,beforeit_var_p1_constant,COMPLETE_MATCHED,10,10,0.761126062238537,0.9118550101183309
abm_balanced_h12_common_cells,secondary_nominal_gdp_effective_federal_funds_rate,beforeit_abm_us_v1_median,beforeit_var_p1_constant,COMPLETE_MATCHED,10,10,0.7603149690784708,0.9047389978955322
abm_balanced_h12_common_cells,secondary_nominal_gdp_effective_federal_funds_rate,dsge_small_nk,beforeit_var_p1_constant,COMPLETE_MATCHED,10,10,0.7618443156329602,1.0354971628956253
abm_balanced_h12_common_cells,secondary_nominal_gdp_effective_federal_funds_rate,dsge_small_nk_median,beforeit_var_p1_constant,COMPLETE_MATCHED,10,10,0.7557431958124323,1.0183946535395492
abm_balanced_h12_common_cells,secondary_nominal_gdp_effective_federal_funds_rate,dsge_sw07,beforeit_var_p1_constant,COMPLETE_MATCHED,10,10,0.9142401762172645,1.1521096302631948
abm_balanced_h12_common_cells,secondary_nominal_gdp_effective_federal_funds_rate,dsge_sw07_median,beforeit_var_p1_constant,COMPLETE_MATCHED,10,10,0.8929776616008211,1.1097813000864778
abm_balanced_h12_common_cells,labour_unemployment_rate,naive_no_change,beforeit_var_p1_constant,COMPLETE_MATCHED,5,5,0.6532453374554689,0.849696245445136
abm_balanced_h12_common_cells,labour_unemployment_rate,naive_drift,beforeit_var_p1_constant,COMPLETE_MATCHED,5,5,0.6972968671671522,0.9621464709811971
abm_balanced_h12_common_cells,labour_unemployment_rate,naive_historical_mean,beforeit_var_p1_constant,COMPLETE_MATCHED,5,5,0.7157965660556893,1.744394084093024
abm_balanced_h12_common_cells,labour_unemployment_rate,univariate_ar_p1_constant,beforeit_var_p1_constant,COMPLETE_MATCHED,5,5,0.6496862936869472,0.9778438182465116
abm_balanced_h12_common_cells,labour_unemployment_rate,univariate_ar_p4_constant,beforeit_var_p1_constant,COMPLETE_MATCHED,5,5,1.3435344328864491,1.445766891370552
abm_balanced_h12_common_cells,labour_unemployment_rate,univariate_ar_bic_p1-2-3-4-5-6-7-8_constant,beforeit_var_p1_constant,COMPLETE_MATCHED,5,5,1.3097582093355238,1.2859574387053148
abm_balanced_h12_common_cells,labour_unemployment_rate,beforeit_var_p1_constant,beforeit_var_p1_constant,COMPLETE_MATCHED,5,5,1.0,1.0
abm_balanced_h12_common_cells,labour_unemployment_rate,beforeit_var_p2_constant,beforeit_var_p1_constant,COMPLETE_MATCHED,5,5,1.0513926861714393,1.106114199630025
abm_balanced_h12_common_cells,labour_unemployment_rate,beforeit_var_p3_constant,beforeit_var_p1_constant,COMPLETE_MATCHED,5,5,3.599752563465128,2.130918337080138
abm_balanced_h12_common_cells,labour_unemployment_rate,bvar_mniw_v1_p1_constant_tight3fc999999999999a_decay3ff0000000000000_own0000000000000000_ivar4059000000000000_iwoff2_iscale3ff0000000000000_floor3e45798ee2308c3a_diffmse_scale,beforeit_var_p1_constant,COMPLETE_MATCHED,5,5,0.7097675579014125,0.917808038170258
abm_balanced_h12_common_cells,labour_unemployment_rate,beforeit_abm_us_v3_mean,beforeit_var_p1_constant,COMPLETE_MATCHED,5,5,0.8441367127455718,2.0956767131811107
abm_balanced_h12_common_cells,labour_unemployment_rate,beforeit_abm_us_v3_median,beforeit_var_p1_constant,COMPLETE_MATCHED,5,5,0.8694682511000635,2.1523314503507938
abm_balanced_h12_common_cells,labour_unemployment_rate,beforeit_abm_us_v2_mean,beforeit_var_p1_constant,COMPLETE_MATCHED,5,5,1.2745888156060357,2.768437295570606
abm_balanced_h12_common_cells,labour_unemployment_rate,beforeit_abm_us_v2_median,beforeit_var_p1_constant,COMPLETE_MATCHED,5,5,1.28153682532211,2.719349183586431
abm_balanced_h12_common_cells,labour_unemployment_rate,beforeit_abm_us_v1_mean,beforeit_var_p1_constant,COMPLETE_MATCHED,5,5,0.8375663391124043,1.8470764862266782
abm_balanced_h12_common_cells,labour_unemployment_rate,beforeit_abm_us_v1_median,beforeit_var_p1_constant,COMPLETE_MATCHED,5,5,0.8299780207350904,1.81904254305796
abm_balanced_h12_common_cells,labour_unemployment_rate,dsge_small_nk,beforeit_var_p1_constant,COMPLETE_MATCHED,5,5,0.9636690341537042,1.617698944488823
abm_balanced_h12_common_cells,labour_unemployment_rate,dsge_small_nk_median,beforeit_var_p1_constant,COMPLETE_MATCHED,5,5,0.9612366974376689,1.611820853321484
abm_balanced_h12_common_cells,labour_unemployment_rate,dsge_sw07,beforeit_var_p1_constant,COMPLETE_MATCHED,5,5,0.7273409676252491,0.8149848893547161
abm_balanced_h12_common_cells,labour_unemployment_rate,dsge_sw07_median,beforeit_var_p1_constant,COMPLETE_MATCHED,5,5,0.7270911113682872,0.8106205667859463
abm_pandemic_masked_common_cells,headline_real_gdp_gdp_deflator,naive_no_change,beforeit_var_p1_constant,COMPLETE_MATCHED,10,10,1.2576956392699303,1.1977805029584014
abm_pandemic_masked_common_cells,headline_real_gdp_gdp_deflator,naive_drift,beforeit_var_p1_constant,COMPLETE_MATCHED,10,10,1.325166491165282,1.2550101543164482
abm_pandemic_masked_common_cells,headline_real_gdp_gdp_deflator,naive_historical_mean,beforeit_var_p1_constant,COMPLETE_MATCHED,10,10,0.8806213496954086,0.8193539130857065
abm_pandemic_masked_common_cells,headline_real_gdp_gdp_deflator,univariate_ar_p1_constant,beforeit_var_p1_constant,COMPLETE_MATCHED,10,10,0.8480393593661596,0.8295496996298036
abm_pandemic_masked_common_cells,headline_real_gdp_gdp_deflator,univariate_ar_p4_constant,beforeit_var_p1_constant,COMPLETE_MATCHED,10,10,0.888516148068327,0.863624236871179
abm_pandemic_masked_common_cells,headline_real_gdp_gdp_deflator,univariate_ar_bic_p1-2-3-4-5-6-7-8_constant,beforeit_var_p1_constant,COMPLETE_MATCHED,10,10,0.8699002219485997,0.8519799537780888
abm_pandemic_masked_common_cells,headline_real_gdp_gdp_deflator,beforeit_var_p1_constant,beforeit_var_p1_constant,COMPLETE_MATCHED,10,10,1.0,1.0
abm_pandemic_masked_common_cells,headline_real_gdp_gdp_deflator,beforeit_var_p2_constant,beforeit_var_p1_constant,COMPLETE_MATCHED,10,10,3.721794142725728,1.8411974173077343
abm_pandemic_masked_common_cells,headline_real_gdp_gdp_deflator,beforeit_var_p3_constant,beforeit_var_p1_constant,COMPLETE_MATCHED,10,10,11.805653296242735,4.016701186695801
abm_pandemic_masked_common_cells,headline_real_gdp_gdp_deflator,bvar_mniw_v1_p1_constant_tight3fc999999999999a_decay3ff0000000000000_own0000000000000000_ivar4059000000000000_iwoff2_iscale3ff0000000000000_floor3e45798ee2308c3a_diffmse_scale,beforeit_var_p1_constant,COMPLETE_MATCHED,10,10,0.8518451161084352,0.8663818036256491
abm_pandemic_masked_common_cells,headline_real_gdp_gdp_deflator,beforeit_abm_us_v3_mean,beforeit_var_p1_constant,COMPLETE_MATCHED,10,10,0.7921965790036437,0.7811476564303328
abm_pandemic_masked_common_cells,headline_real_gdp_gdp_deflator,beforeit_abm_us_v3_median,beforeit_var_p1_constant,COMPLETE_MATCHED,10,10,0.79667397763376,0.7845458567867376
abm_pandemic_masked_common_cells,headline_real_gdp_gdp_deflator,beforeit_abm_us_v2_mean,beforeit_var_p1_constant,COMPLETE_MATCHED,10,10,0.7959807438227816,0.7920483836815428
abm_pandemic_masked_common_cells,headline_real_gdp_gdp_deflator,beforeit_abm_us_v2_median,beforeit_var_p1_constant,COMPLETE_MATCHED,10,10,0.7990707581969986,0.7950410249513145
abm_pandemic_masked_common_cells,headline_real_gdp_gdp_deflator,beforeit_abm_us_v1_mean,beforeit_var_p1_constant,COMPLETE_MATCHED,10,10,1.2722871834982439,1.4484206708975107
abm_pandemic_masked_common_cells,headline_real_gdp_gdp_deflator,beforeit_abm_us_v1_median,beforeit_var_p1_constant,COMPLETE_MATCHED,10,10,1.2640604441224688,1.4351588706824454
abm_pandemic_masked_common_cells,headline_real_gdp_gdp_deflator,dsge_small_nk,beforeit_var_p1_constant,COMPLETE_MATCHED,10,10,1.1338581662755605,1.2591123055695115
abm_pandemic_masked_common_cells,headline_real_gdp_gdp_deflator,dsge_small_nk_median,beforeit_var_p1_constant,COMPLETE_MATCHED,10,10,1.1310107175578532,1.2558064444690162
abm_pandemic_masked_common_cells,headline_real_gdp_gdp_deflator,dsge_sw07,beforeit_var_p1_constant,COMPLETE_MATCHED,10,10,0.9537556090720325,1.0061824745119126
abm_pandemic_masked_common_cells,headline_real_gdp_gdp_deflator,dsge_sw07_median,beforeit_var_p1_constant,COMPLETE_MATCHED,10,10,0.9550732154081498,1.0064297219624265
abm_pandemic_masked_common_cells,secondary_nominal_gdp_effective_federal_funds_rate,naive_no_change,beforeit_var_p1_constant,COMPLETE_MATCHED,10,10,1.0430737662338063,0.948483300000317
abm_pandemic_masked_common_cells,secondary_nominal_gdp_effective_federal_funds_rate,naive_drift,beforeit_var_p1_constant,COMPLETE_MATCHED,10,10,1.1477661634008955,1.1441749182587826
abm_pandemic_masked_common_cells,secondary_nominal_gdp_effective_federal_funds_rate,naive_historical_mean,beforeit_var_p1_constant,COMPLETE_MATCHED,10,10,1.6657433220622624,2.083465086253937
abm_pandemic_masked_common_cells,secondary_nominal_gdp_effective_federal_funds_rate,univariate_ar_p1_constant,beforeit_var_p1_constant,COMPLETE_MATCHED,10,10,0.8664368550093999,0.7951144007848991
abm_pandemic_masked_common_cells,secondary_nominal_gdp_effective_federal_funds_rate,univariate_ar_p4_constant,beforeit_var_p1_constant,COMPLETE_MATCHED,10,10,0.7188474410865641,0.7823322631331507
abm_pandemic_masked_common_cells,secondary_nominal_gdp_effective_federal_funds_rate,univariate_ar_bic_p1-2-3-4-5-6-7-8_constant,beforeit_var_p1_constant,COMPLETE_MATCHED,10,10,0.7714201535522761,0.8045741143952205
abm_pandemic_masked_common_cells,secondary_nominal_gdp_effective_federal_funds_rate,beforeit_var_p1_constant,beforeit_var_p1_constant,COMPLETE_MATCHED,10,10,1.0,1.0
abm_pandemic_masked_common_cells,secondary_nominal_gdp_effective_federal_funds_rate,beforeit_var_p2_constant,beforeit_var_p1_constant,COMPLETE_MATCHED,10,10,2.778289678007779,1.5536402280663966
abm_pandemic_masked_common_cells,secondary_nominal_gdp_effective_federal_funds_rate,beforeit_var_p3_constant,beforeit_var_p1_constant,COMPLETE_MATCHED,10,10,8.203448142781344,2.98055465266835
abm_pandemic_masked_common_cells,secondary_nominal_gdp_effective_federal_funds_rate,bvar_mniw_v1_p1_constant_tight3fc999999999999a_decay3ff0000000000000_own0000000000000000_ivar4059000000000000_iwoff2_iscale3ff0000000000000_floor3e45798ee2308c3a_diffmse_scale,beforeit_var_p1_constant,COMPLETE_MATCHED,10,10,0.7941691443448751,0.8561950542067892
abm_pandemic_masked_common_cells,secondary_nominal_gdp_effective_federal_funds_rate,beforeit_abm_us_v3_mean,beforeit_var_p1_constant,COMPLETE_MATCHED,10,10,0.7343692274884193,0.7302050891008809
abm_pandemic_masked_common_cells,secondary_nominal_gdp_effective_federal_funds_rate,beforeit_abm_us_v3_median,beforeit_var_p1_constant,COMPLETE_MATCHED,10,10,0.7348160389393701,0.7277416835300551
abm_pandemic_masked_common_cells,secondary_nominal_gdp_effective_federal_funds_rate,beforeit_abm_us_v2_mean,beforeit_var_p1_constant,COMPLETE_MATCHED,10,10,0.73932988259079,0.7348550464271787
abm_pandemic_masked_common_cells,secondary_nominal_gdp_effective_federal_funds_rate,beforeit_abm_us_v2_median,beforeit_var_p1_constant,COMPLETE_MATCHED,10,10,0.7411250078169908,0.7322070074270983
abm_pandemic_masked_common_cells,secondary_nominal_gdp_effective_federal_funds_rate,beforeit_abm_us_v1_mean,beforeit_var_p1_constant,COMPLETE_MATCHED,10,10,1.1238600740359865,1.2680901182431803
abm_pandemic_masked_common_cells,secondary_nominal_gdp_effective_federal_funds_rate,beforeit_abm_us_v1_median,beforeit_var_p1_constant,COMPLETE_MATCHED,10,10,1.1168098865246534,1.2539403593019156
abm_pandemic_masked_common_cells,secondary_nominal_gdp_effective_federal_funds_rate,dsge_small_nk,beforeit_var_p1_constant,COMPLETE_MATCHED,10,10,1.0367093863542234,1.247764935638656
abm_pandemic_masked_common_cells,secondary_nominal_gdp_effective_federal_funds_rate,dsge_small_nk_median,beforeit_var_p1_constant,COMPLETE_MATCHED,10,10,1.02673398438938,1.2280787461926697
abm_pandemic_masked_common_cells,secondary_nominal_gdp_effective_federal_funds_rate,dsge_sw07,beforeit_var_p1_constant,COMPLETE_MATCHED,10,10,1.0234273321872875,1.2004691316815579
abm_pandemic_masked_common_cells,secondary_nominal_gdp_effective_federal_funds_rate,dsge_sw07_median,beforeit_var_p1_constant,COMPLETE_MATCHED,10,10,0.9910091797153906,1.1548910925427918
abm_pandemic_masked_common_cells,labour_unemployment_rate,naive_no_change,beforeit_var_p1_constant,COMPLETE_MATCHED,5,5,0.870648669675167,1.0054697845405196
abm_pandemic_masked_common_cells,labour_unemployment_rate,naive_drift,beforeit_var_p1_constant,COMPLETE_MATCHED,5,5,1.0520707763799668,1.2384204304342756
abm_pandemic_masked_common_cells,labour_unemployment_rate,naive_historical_mean,beforeit_var_p1_constant,COMPLETE_MATCHED,5,5,4.218529962223957,5.537292076856615
abm_pandemic_masked_common_cells,labour_unemployment_rate,univariate_ar_p1_constant,beforeit_var_p1_constant,COMPLETE_MATCHED,5,5,1.1999114198920655,1.5438430579500597
abm_pandemic_masked_common_cells,labour_unemployment_rate,univariate_ar_p4_constant,beforeit_var_p1_constant,COMPLETE_MATCHED,5,5,1.2132347093897164,1.2679853800870595
abm_pandemic_masked_common_cells,labour_unemployment_rate,univariate_ar_bic_p1-2-3-4-5-6-7-8_constant,beforeit_var_p1_constant,COMPLETE_MATCHED,5,5,1.3212620821764078,1.3673089793483046
abm_pandemic_masked_common_cells,labour_unemployment_rate,beforeit_var_p1_constant,beforeit_var_p1_constant,COMPLETE_MATCHED,5,5,1.0,1.0
abm_pandemic_masked_common_cells,labour_unemployment_rate,beforeit_var_p2_constant,beforeit_var_p1_constant,COMPLETE_MATCHED,5,5,1.60974609292544,1.480124169015497
abm_pandemic_masked_common_cells,labour_unemployment_rate,beforeit_var_p3_constant,beforeit_var_p1_constant,COMPLETE_MATCHED,5,5,5.0856580808485745,3.0472828259522666
abm_pandemic_masked_common_cells,labour_unemployment_rate,bvar_mniw_v1_p1_constant_tight3fc999999999999a_decay3ff0000000000000_own0000000000000000_ivar4059000000000000_iwoff2_iscale3ff0000000000000_floor3e45798ee2308c3a_diffmse_scale,beforeit_var_p1_constant,COMPLETE_MATCHED,5,5,0.9581364889195826,1.1035758604528643
abm_pandemic_masked_common_cells,labour_unemployment_rate,beforeit_abm_us_v3_mean,beforeit_var_p1_constant,COMPLETE_MATCHED,5,5,5.778694451838424,7.365282967327372
abm_pandemic_masked_common_cells,labour_unemployment_rate,beforeit_abm_us_v3_median,beforeit_var_p1_constant,COMPLETE_MATCHED,5,5,5.909047226290695,7.531830800599858
abm_pandemic_masked_common_cells,labour_unemployment_rate,beforeit_abm_us_v2_mean,beforeit_var_p1_constant,COMPLETE_MATCHED,5,5,6.210596028737515,6.756057138122591
abm_pandemic_masked_common_cells,labour_unemployment_rate,beforeit_abm_us_v2_median,beforeit_var_p1_constant,COMPLETE_MATCHED,5,5,6.076312371785064,6.438514371532122
abm_pandemic_masked_common_cells,labour_unemployment_rate,beforeit_abm_us_v1_mean,beforeit_var_p1_constant,COMPLETE_MATCHED,5,5,4.88946386509508,4.9550271897057225
abm_pandemic_masked_common_cells,labour_unemployment_rate,beforeit_abm_us_v1_median,beforeit_var_p1_constant,COMPLETE_MATCHED,5,5,4.828282886721348,4.849077459687989
abm_pandemic_masked_common_cells,labour_unemployment_rate,dsge_small_nk,beforeit_var_p1_constant,COMPLETE_MATCHED,5,5,2.0704606730181285,2.6709434544306947
abm_pandemic_masked_common_cells,labour_unemployment_rate,dsge_small_nk_median,beforeit_var_p1_constant,COMPLETE_MATCHED,5,5,2.0677602487513616,2.6777060335607303
abm_pandemic_masked_common_cells,labour_unemployment_rate,dsge_sw07,beforeit_var_p1_constant,COMPLETE_MATCHED,5,5,1.0721893640400582,0.9648874750819882
abm_pandemic_masked_common_cells,labour_unemployment_rate,dsge_sw07_median,beforeit_var_p1_constant,COMPLETE_MATCHED,5,5,1.0703269431677598,0.9597248893779121
