observation_date,FPI
1947-01-01,35.359
1947-04-01,35.744
1947-07-01,37.827
1947-10-01,41.794
1948-01-01,43.576
1948-04-01,44.477
1948-07-01,45.365
1948-10-01,45.337
1949-01-01,42.752
1949-04-01,41.389
1949-07-01,40.856
1949-10-01,42.167
1950-01-01,44.725
1950-04-01,49.458
1950-07-01,54.465
1950-10-01,54.397
1951-01-01,54.196
1951-04-01,52.591
1951-07-01,52.241
1951-10-01,52.365
1952-01-01,53.400
1952-04-01,54.528
1952-07-01,51.646
1952-10-01,55.463
1953-01-01,57.773
1953-04-01,58.538
1953-07-01,59.104
1953-10-01,58.452
1954-01-01,57.683
1954-04-01,58.827
1954-07-01,61.062
1954-10-01,62.455
1955-01-01,64.899
1955-04-01,68.068
1955-07-01,70.452
1955-10-01,71.650
1956-01-01,71.904
1956-04-01,73.435
1956-07-01,74.698
1956-10-01,74.902
1957-01-01,75.566
1957-04-01,75.250
1957-07-01,76.530
1957-10-01,75.563
1958-01-01,70.739
1958-04-01,69.300
1958-07-01,70.452
1958-10-01,74.766
1959-01-01,79.290
1959-04-01,82.093
1959-07-01,83.222
1959-10-01,82.404
1960-01-01,85.276
1960-04-01,83.872
1960-07-01,82.057
1960-10-01,81.775
1961-01-01,80.926
1961-04-01,82.316
1961-07-01,84.261
1961-10-01,86.935
1962-01-01,88.666
1962-04-01,91.262
1962-07-01,91.972
1962-10-01,91.604
1963-01-01,92.821
1963-04-01,96.814
1963-07-01,98.896
1963-10-01,102.125
1964-01-01,105.350
1964-04-01,106.062
1964-07-01,107.939
1964-10-01,109.968
1965-01-01,114.998
1965-04-01,118.484
1965-07-01,121.945
1965-10-01,126.168
1966-01-01,130.328
1966-04-01,131.185
1966-07-01,131.342
1966-10-01,129.351
1967-01-01,127.388
1967-04-01,131.154
1967-07-01,133.571
1967-10-01,139.220
1968-01-01,143.850
1968-04-01,144.862
1968-07-01,148.003
1968-10-01,154.754
1969-01-01,160.899
1969-04-01,163.499
1969-07-01,167.370
1969-10-01,165.787
1970-01-01,166.289
1970-04-01,166.374
1970-07-01,168.821
1970-10-01,170.738
1971-01-01,177.241
1971-04-01,186.455
1971-07-01,191.870
1971-10-01,198.706
1972-01-01,209.741
1972-04-01,214.800
1972-07-01,219.375
1972-10-01,232.224
1973-01-01,243.763
1973-04-01,249.990
1973-07-01,254.574
1973-10-01,255.865
1974-01-01,255.842
1974-04-01,259.975
1974-07-01,265.434
1974-10-01,260.893
1975-01-01,254.335
1975-04-01,257.235
1975-07-01,266.579
1975-10-01,275.888
1976-01-01,289.945
1976-04-01,299.855
1976-07-01,307.501
1976-10-01,327.132
1977-01-01,345.491
1977-04-01,370.233
1977-07-01,383.251
1977-10-01,398.179
1978-01-01,409.346
1978-04-01,446.328
1978-07-01,467.401
1978-10-01,487.269
1979-01-01,501.957
1979-04-01,511.892
1979-07-01,533.490
1979-10-01,539.323
1980-01-01,544.663
1980-04-01,511.544
1980-07-01,528.927
1980-10-01,560.590
1981-01-01,580.626
1981-04-01,598.129
1981-07-01,608.337
1981-10-01,618.589
1982-01-01,609.784
1982-04-01,597.786
1982-07-01,587.157
1982-10-01,589.062
1983-01-01,600.580
1983-04-01,621.454
1983-07-01,656.472
1983-10-01,694.564
1984-01-01,717.890
1984-04-01,749.573
1984-07-01,767.514
1984-10-01,783.762
1985-01-01,793.636
1985-04-01,805.394
1985-07-01,805.854
1985-10-01,826.426
1986-01-01,833.060
1986-04-01,839.574
1986-07-01,842.851
1986-10-01,854.822
1987-01-01,843.222
1987-04-01,858.064
1987-07-01,875.449
1987-10-01,883.376
1988-01-01,891.613
1988-04-01,914.877
1988-07-01,923.828
1988-10-01,943.605
1989-01-01,957.350
1989-04-01,964.790
1989-07-01,986.635
1989-10-01,979.257
1990-01-01,996.884
1990-04-01,981.020
1990-07-01,978.919
1990-10-01,958.787
1991-01-01,940.088
1991-04-01,944.575
1991-07-01,946.633
1991-10-01,947.655
1992-01-01,956.571
1992-04-01,989.875
1992-07-01,1003.650
1992-10-01,1036.618
1993-01-01,1047.889
1993-04-01,1070.375
1993-07-01,1089.254
1993-10-01,1136.530
1994-01-01,1156.312
1994-04-01,1183.538
1994-07-01,1198.526
1994-10-01,1232.424
1995-01-01,1266.407
1995-04-01,1270.229
1995-07-01,1291.922
1995-10-01,1316.705
1996-01-01,1348.472
1996-04-01,1387.867
1996-07-01,1423.280
1996-10-01,1445.403
1997-01-01,1472.659
1997-04-01,1501.843
1997-07-01,1557.316
1997-10-01,1566.877
1998-01-01,1607.224
1998-04-01,1658.434
1998-07-01,1689.202
1998-10-01,1736.947
1999-01-01,1769.668
1999-04-01,1813.230
1999-07-01,1853.219
1999-10-01,1868.855
2000-01-01,1934.493
2000-04-01,1985.342
2000-07-01,2002.736
2000-10-01,2012.884
2001-01-01,2001.963
2001-04-01,1984.593
2001-07-01,1975.026
2001-10-01,1930.920
2002-01-01,1912.366
2002-04-01,1912.113
2002-07-01,1907.764
2002-10-01,1909.528
2003-01-01,1934.140
2003-04-01,1978.873
2003-07-01,2043.866
2003-10-01,2094.966
2004-01-01,2108.027
2004-04-01,2188.618
2004-07-01,2254.106
2004-10-01,2317.993
2005-01-01,2383.590
2005-04-01,2447.639
2005-07-01,2518.722
2005-10-01,2558.875
2006-01-01,2631.526
2006-04-01,2633.739
2006-07-01,2630.666
2006-10-01,2631.930
2007-01-01,2642.923
2007-04-01,2656.992
2007-07-01,2641.047
2007-10-01,2615.279
2008-01-01,2580.374
2008-04-01,2562.847
2008-07-01,2514.067
2008-10-01,2370.130
2009-01-01,2165.874
2009-04-01,2059.651
2009-07-01,2045.422
2009-10-01,2050.795
2010-01-01,2039.398
2010-04-01,2112.087
2010-07-01,2123.598
2010-10-01,2171.138
2011-01-01,2173.885
2011-04-01,2236.305
2011-07-01,2334.873
2011-10-01,2400.138
2012-01-01,2487.473
2012-04-01,2545.458
2012-07-01,2559.690
2012-10-01,2609.548
2013-01-01,2661.196
2013-04-01,2697.549
2013-07-01,2755.705
2013-10-01,2816.948
2014-01-01,2870.770
2014-04-01,2961.343
2014-07-01,3038.113
2014-10-01,3086.530
2015-01-01,3107.041
2015-04-01,3139.856
2015-07-01,3176.809
2015-10-01,3169.729
2016-01-01,3181.999
2016-04-01,3215.897
2016-07-01,3256.247
2016-10-01,3302.805
2017-01-01,3356.791
2017-04-01,3407.440
2017-07-01,3445.283
2017-10-01,3530.448
2018-01-01,3610.589
2018-04-01,3666.129
2018-07-01,3690.028
2018-10-01,3706.704
2019-01-01,3735.845
2019-04-01,3820.789
2019-07-01,3869.365
2019-10-01,3857.115
2020-01-01,3842.806
2020-04-01,3553.279
2020-07-01,3803.320
2020-10-01,3976.028
2021-01-01,4085.177
2021-04-01,4189.217
2021-07-01,4243.768
2021-10-01,4360.531
2022-01-01,4531.133
2022-04-01,4660.921
2022-07-01,4712.744
2022-10-01,4747.586
2023-01-01,4837.927
2023-04-01,4943.466
2023-07-01,5006.334
2023-10-01,5092.284
2024-01-01,5139.561
2024-04-01,5192.505
2024-07-01,5246.988
2024-10-01,5244.041
2025-01-01,5344.017
2025-04-01,5404.422
2025-07-01,5478.696
2025-10-01,5546.787
2026-01-01,5662.069
2026-04-01,5809.422
