variant,origin_index,origin_period,target_period,target_id,horizon,paths_used,ensemble_mean,ensemble_median,ensemble_sd,monte_carlo_standard_error,percentile_05,percentile_10,percentile_25,percentile_75,percentile_90,percentile_95
outlook,102,2025Q4,2026Q1,effective_federal_funds_rate,1,500,3.862326951670861,3.861107506979755,0.12814683488120857,0.005730900677916471,3.6578600113423367,3.705307468688166,3.774860262998525,3.940899733290737,4.024246484990686,4.07722548336913
outlook,102,2025Q4,2026Q2,effective_federal_funds_rate,2,500,3.8055317075390125,3.8005213753409706,0.18544732135083247,0.00829345633571419,3.503614858442674,3.5788947010611727,3.6816084309378216,3.9327508601641026,4.050365479539697,4.107889398167341
outlook,102,2025Q4,2026Q3,effective_federal_funds_rate,3,500,3.7581114175593666,3.7473628033617756,0.23098900334056754,0.0103301422704887,3.3800536109048984,3.4754995008757628,3.5988578989449738,3.922537805606469,4.035530970453394,4.148697142188807
outlook,102,2025Q4,2026Q4,effective_federal_funds_rate,4,500,3.7033583598014643,3.698287089673402,0.2727735893391118,0.012198805764577316,3.2613188677845995,3.3401515944760374,3.506766536155148,3.897413362995011,4.044608752410317,4.15051728283536
outlook,102,2025Q4,2027Q1,effective_federal_funds_rate,5,500,3.651158255959857,3.652204499614242,0.3023132547094456,0.013519859760590575,3.187171005522057,3.2652638660571287,3.4313199464274082,3.8483471998681296,4.017513463914051,4.155272202076342
outlook,102,2025Q4,2027Q2,effective_federal_funds_rate,6,500,3.6022441354156887,3.6024188396448054,0.32401752280277485,0.014490504137761854,3.0945354732100814,3.2137069206540536,3.384057412705155,3.8113408267830273,3.994663422196514,4.1256508939339245
outlook,102,2025Q4,2027Q3,effective_federal_funds_rate,7,500,3.5431620296379585,3.541847430272227,0.35046288463523023,0.015673176672700826,3.0212018462385437,3.0955828849467637,3.3137595155862005,3.7848238886331598,3.9774189414723726,4.139240506834067
outlook,102,2025Q4,2027Q4,effective_federal_funds_rate,8,500,3.486451846326886,3.476735019516075,0.3566685043927506,0.015950700425107454,2.8953983534454197,3.0411573231905376,3.246986302692817,3.7245516667872183,3.972629989540531,4.087463360361521
outlook,102,2025Q4,2028Q1,effective_federal_funds_rate,9,500,3.438446640178956,3.43583326427348,0.3768517038278882,0.01685332054391551,2.829077712318336,3.0000445415065524,3.1688369170593256,3.688438098771413,3.9427793797485,4.0223476017748725
outlook,102,2025Q4,2028Q2,effective_federal_funds_rate,10,500,3.3931946332375267,3.3955512549908695,0.39553383722747204,0.017688810948839288,2.7628249432422622,2.9137553336514777,3.1086431855229857,3.6661780324563407,3.895012630963433,4.033670819876752
outlook,102,2025Q4,2028Q3,effective_federal_funds_rate,11,500,3.3463420823707577,3.3575011341244965,0.4043069922067081,0.01808115836705354,2.7126312798566543,2.8429281176541354,3.0549828802963694,3.6266100244900015,3.8608369642209306,4.0031472139284485
outlook,102,2025Q4,2028Q4,effective_federal_funds_rate,12,500,3.29926764795405,3.2995327629108173,0.4180689474568132,0.018696611715904442,2.6059826316597614,2.7576559917893473,3.018572431647476,3.593981390365708,3.8191942691751835,3.9780439314349474
outlook,102,2025Q4,2026Q1,gdp_deflator,1,500,3.211151106619819,3.1879675828907494,1.1325328907676364,0.05064841061021558,1.2524021821856834,1.7237884346777577,2.388022557371805,3.983200031506584,4.635902620212278,5.008955404202915
outlook,102,2025Q4,2026Q2,gdp_deflator,2,500,2.9043742237657892,2.834212075543263,1.3698985163227537,0.06126372409547565,0.7005460936289865,1.128456075802049,2.0451017338558586,3.8397938940850196,4.664747388553324,5.104757049782158
outlook,102,2025Q4,2026Q3,gdp_deflator,3,500,2.656048433220762,2.6052796584998816,1.4434211944389774,0.0645517582185899,0.38863740347483844,0.7933702935441289,1.6657464968973912,3.7635916957734494,4.442667447308963,4.903500235674444
outlook,102,2025Q4,2026Q4,gdp_deflator,4,500,2.586650794233453,2.506650677217337,1.5266202150059798,0.0682725315315743,-0.04986240525898468,0.7178745827724953,1.5741589667660705,3.558220517712485,4.636595619108661,5.1228164231752515
outlook,102,2025Q4,2027Q1,gdp_deflator,5,500,2.4452681317813925,2.471125831707255,1.4822209621985214,0.0662869365830208,0.1086296402116815,0.5177135693885759,1.472620402408964,3.431150489988255,4.131540121339584,4.630476962934865
outlook,102,2025Q4,2027Q2,gdp_deflator,6,500,2.2770709537818195,2.2371897696309873,1.4581297557544965,0.06520954507764438,0.11303944528091135,0.4412353888996279,1.3102341300205822,3.264892551304932,4.060748341422454,4.640791265952552
outlook,102,2025Q4,2027Q3,gdp_deflator,7,500,2.2776814280838233,2.282879345257882,1.5306377205280712,0.06845219984052185,-0.3173049934397554,0.3174517736695037,1.2872983110840508,3.3434697677639846,4.178711655786671,4.7976172245026305
outlook,102,2025Q4,2027Q4,gdp_deflator,8,500,2.256168204938044,2.19542574791447,1.578232721003973,0.07058071296958687,-0.3332738514078315,0.247107288135453,1.192865149617539,3.326757001634917,4.303333227678152,4.983762791254379
outlook,102,2025Q4,2028Q1,gdp_deflator,9,500,2.2754413719941238,2.284464031266964,1.6171443998596946,0.07232089615038757,-0.5301310381224412,0.24826709764901975,1.212044092838127,3.3585229423817253,4.254278832143754,5.078765091770485
outlook,102,2025Q4,2028Q2,gdp_deflator,10,500,2.297160721616028,2.4631243390896174,1.5949707589815931,0.0713292607841455,-0.6813996728650197,0.2522064803821422,1.319415470572416,3.2716656024213364,4.228332998651184,4.794888163940456
outlook,102,2025Q4,2028Q3,gdp_deflator,11,500,2.3173747439764183,2.336909017334321,1.6566821788169928,0.07408907937894516,-0.5364944151939355,0.1607338479803387,1.240023392206524,3.482964233739949,4.34330989296413,4.737732460629935
outlook,102,2025Q4,2028Q4,gdp_deflator,12,500,2.31305037054598,2.2349358541188025,1.6542010073536797,0.07397811801782914,-0.35204176887397415,0.28509378173517064,1.211877076877954,3.527888171236704,4.422925725758021,4.988318093474682
outlook,102,2025Q4,2026Q1,nominal_gdp,1,500,4.556942731463147,4.474050912588012,4.825950762986929,0.215823079242115,-3.466209696546585,-1.9077146487365582,1.4348393092628697,7.704430756869307,10.480606266861878,12.793345725856753
outlook,102,2025Q4,2026Q2,nominal_gdp,2,500,-1.9839904233546166,-1.8967927261066109,4.233380382995837,0.18932252621985574,-8.98958612438264,-7.463674868060366,-4.639007357542191,0.8730884930091776,2.989824299341778,4.678433950977201
outlook,102,2025Q4,2026Q3,nominal_gdp,3,500,0.5427796187283761,0.9724044460590164,4.913621759833684,0.21974384541420525,-8.133161190162674,-6.146716916060129,-2.845819273528427,3.986762568717772,6.653217876164634,8.266936347541076
outlook,102,2025Q4,2026Q4,nominal_gdp,4,500,2.0734279996479286,2.3169582796430888,4.82802895829451,0.21591601896168042,-6.51613078431172,-4.049587542173754,-0.7925780801825155,5.217064272858529,7.891489320600513,9.659579610905846
outlook,102,2025Q4,2027Q1,nominal_gdp,5,500,2.4478237812457766,2.5679134883880295,4.957159238315747,0.22169090064330177,-6.188566889948817,-4.018804143601642,-0.5362140121267345,5.697299879093798,8.592858792732232,10.29162562169976
outlook,102,2025Q4,2027Q2,nominal_gdp,6,500,1.8253787642100192,2.0157015535897216,5.043746908286367,0.22556321896465426,-6.936141490767582,-4.868352381441525,-1.8266871488616943,5.414929947759184,7.658747620041383,10.071237296204496
outlook,102,2025Q4,2027Q3,nominal_gdp,7,500,2.3789091888743568,2.5346815875153084,4.676157202451379,0.2091241075631306,-5.7425589208864025,-3.6034868252404806,-0.6152690411575179,5.465970889041927,8.42722436289506,10.082749513330214
outlook,102,2025Q4,2027Q4,nominal_gdp,8,500,2.319475965077914,2.5678313845020284,4.882907113771953,0.21837024468422772,-6.2251421937729745,-4.241664051092542,-0.7916671594394131,5.545957194076578,8.290612311796366,10.008725392471726
outlook,102,2025Q4,2028Q1,nominal_gdp,9,500,2.724682951314106,2.793555481868637,4.810567222808694,0.2151351064106523,-5.521382048426737,-3.2921806113242273,0.17472095443764601,5.628001599791332,8.847659390870604,10.866097139136208
outlook,102,2025Q4,2028Q2,nominal_gdp,10,500,2.4842291691205944,2.6261676692563185,4.795927207953571,0.21448038504249908,-5.394468641579594,-3.3604863553728848,-0.8223342223903529,5.710630164280772,8.344795751900662,10.28113642857054
outlook,102,2025Q4,2028Q3,nominal_gdp,11,500,2.530824314109846,2.5140139600722478,4.538192924585002,0.2029541574876128,-5.543290868351961,-3.1765264424743833,-0.2713559007238686,5.580479735022514,8.328263522432026,9.66783998855366
outlook,102,2025Q4,2028Q4,nominal_gdp,12,500,2.8555427385714243,2.9910771418744986,4.767175383485714,0.2131945643627537,-5.404986244097536,-3.241675652527079,-0.15917282191111326,5.950868989946834,8.80600443582651,10.821730301648067
outlook,102,2025Q4,2026Q1,real_gdp,1,500,1.345791624843328,1.1177412397181286,4.678309284479788,0.20922035159730415,-6.25055934765264,-4.653250905351882,-1.7811401680223327,4.502604746577887,7.491180437393796,9.0927195463091
outlook,102,2025Q4,2026Q2,real_gdp,2,500,-4.888364647120405,-4.8898538323378204,4.010241083048032,0.17934343335715558,-11.718933085517413,-9.889565550007333,-7.293191111835995,-2.239740164682047,0.18511801912041032,1.0622221515597385
outlook,102,2025Q4,2026Q3,real_gdp,3,500,-2.1132688144923866,-1.6455295336424314,4.641375005292538,0.20756860041805122,-10.543089830092462,-8.709725659322629,-4.892230860923519,0.8282570499847708,3.680867142191816,4.971415095926908
outlook,102,2025Q4,2026Q4,real_gdp,4,500,-0.5132227945855233,-0.20790952799671913,4.642118954593881,0.20760187084224355,-8.60432327384359,-6.487591733864235,-3.535113569986059,2.5803540692001192,5.135927367464888,6.858338006503857
outlook,102,2025Q4,2027Q1,real_gdp,5,500,0.0025556494643836913,0.19274022568822602,4.632983656038062,0.20719332787093223,-7.866253463808732,-6.558951622262583,-3.114360008162187,3.2764013651309654,5.923533534567582,7.528607139661966
outlook,102,2025Q4,2027Q2,real_gdp,6,500,-0.4516921895717999,-0.10116955713961318,4.863679067789227,0.21751034032639038,-8.747068766351944,-6.922561063904951,-3.867787288478297,2.9398639098788593,4.9826943174525695,7.181124322383141
outlook,102,2025Q4,2027Q3,real_gdp,7,500,0.10122776079053324,0.17325864844259797,4.493453060244314,0.20095332992821488,-7.7695856922828455,-5.567417074635728,-2.804664057817874,2.8745863480997613,5.643496152757166,7.358761260041043
outlook,102,2025Q4,2027Q4,real_gdp,8,500,0.06330776013987105,0.44946516105675016,4.568760955227519,0.20432120137671209,-7.529075013421256,-6.316266103899366,-2.951801100767071,3.0812865792412936,5.45357906068638,7.118135299282786
outlook,102,2025Q4,2028Q1,real_gdp,9,500,0.44924157931998254,0.6807869973830094,4.471380966729087,0.19996623589809925,-7.272151595573,-5.076309540911126,-2.0206977877686327,3.1295655597764593,5.946902358027302,7.8811428941735455
outlook,102,2025Q4,2028Q2,real_gdp,10,500,0.1870684475045664,0.29979692639976463,4.676568216371765,0.2091424886644442,-7.832025281744777,-5.689417762797859,-2.959596814247689,3.3035274967637918,5.806206794470654,7.71456407376899
outlook,102,2025Q4,2028Q3,real_gdp,11,500,0.21344957013342736,0.3805990084991606,4.2551771317742695,0.19029730645899692,-7.2744457558977516,-5.339438177342828,-2.6224639443139353,3.1699240411988683,5.335421648956997,6.929332679599192
outlook,102,2025Q4,2028Q4,real_gdp,12,500,0.5424923680254451,0.7691216248538524,4.400060416028066,0.1967766839068952,-7.3302675171882115,-5.529215583053144,-2.2704617297435448,3.540873375734499,6.096468554987098,7.860259779530559
outlook,102,2025Q4,2026Q1,unemployment_rate,1,500,3.5426067907995633,3.723986856516977,0.6432501295178863,0.028767020322750754,2.3521358159912373,2.732749178532311,3.3953997809419496,3.7787513691128147,4.1073384446878425,4.381161007667032
outlook,102,2025Q4,2026Q2,unemployment_rate,2,500,4.58707557502738,4.6549835706462215,1.0679374021897903,0.04775961254021807,2.792990142387733,3.176341730558598,3.9430449069003286,5.2026286966046005,5.969331872946331,6.4622124863088715
outlook,102,2025Q4,2026Q3,unemployment_rate,3,500,5.133734939759036,5.2026286966046005,1.0929053387715626,0.048876212609313005,3.285870755750274,3.6144578313253013,4.381161007667032,5.859802847754655,6.4622124863088715,6.738773274917854
outlook,102,2025Q4,2026Q4,unemployment_rate,4,500,5.207886089813802,5.2026286966046005,1.1593520586630355,0.05184780026049742,3.285870755750274,3.718510405257393,4.435925520262869,6.024096385542169,6.741511500547646,7.064622124863089
outlook,102,2025Q4,2027Q1,unemployment_rate,5,500,5.197590361445783,5.2026286966046005,1.164840488664856,0.05209325031197382,3.283132530120482,3.6144578313253013,4.435925520262869,5.98302300109529,6.686746987951809,7.0125958378970425
outlook,102,2025Q4,2027Q2,unemployment_rate,6,500,5.283570646221247,5.312157721796276,1.1794720110590922,0.05274759188573027,3.3926615553121575,3.723986856516977,4.42223439211391,6.078860898138006,6.741511500547646,7.122124863088719
outlook,102,2025Q4,2027Q3,unemployment_rate,7,500,5.275684556407446,5.257393209200438,1.1505360469566108,0.05145353623117743,3.3953997809419496,3.7787513691128147,4.531763417305586,6.078860898138006,6.736035049288061,7.064622124863089
outlook,102,2025Q4,2027Q4,unemployment_rate,8,500,5.252683461117195,5.312157721796276,1.204163855258774,0.05385184472813672,3.283132530120482,3.7787513691128147,4.381161007667032,6.024096385542169,6.736035049288061,7.338444687842278
outlook,102,2025Q4,2028Q1,unemployment_rate,9,500,5.143154435925521,5.120481927710843,1.2870980923860973,0.05756077656571236,3.0120481927710845,3.5049288061336252,4.271631982475356,6.078860898138006,6.736035049288061,7.122124863088719
outlook,102,2025Q4,2028Q2,unemployment_rate,10,500,5.094742606790801,5.093099671412925,1.256305079851743,0.05618367118053597,3.0120481927710845,3.3953997809419496,4.257940854326397,5.9145673603504925,6.63198247535597,7.0098576122672505
outlook,102,2025Q4,2028Q3,unemployment_rate,11,500,5.042387732749177,5.038335158817087,1.3199706336162458,0.05903088130138789,2.8422782037239864,3.340635268346112,4.16210295728368,5.9145673603504925,6.736035049288061,7.228915662650603
outlook,102,2025Q4,2028Q4,unemployment_rate,12,500,4.937787513691128,4.928806133625411,1.3358580363902925,0.059741387553161635,2.7354874041621033,3.28039430449069,4.052573932092004,5.805038335158817,6.626506024096385,7.119386637458927
outlook,103,2026Q1,2026Q2,effective_federal_funds_rate,1,500,3.6032695572200546,3.603352131811932,0.13363566313286296,0.005976368539666882,3.3861536785455693,3.4322202594412166,3.5037699275107084,3.695472325172511,3.7810488856533286,3.8299071666232165
outlook,103,2026Q1,2026Q3,effective_federal_funds_rate,2,500,3.568808549791227,3.5689899109394796,0.1910351722699473,0.008543352625779698,3.257596449212142,3.3270452512923154,3.43267569555637,3.690660616954794,3.812397547425963,3.8963346325467474
outlook,103,2026Q1,2026Q4,effective_federal_funds_rate,3,500,3.5352499065810514,3.533671922924453,0.22792916566692534,0.010193302169721124,3.190284865246704,3.24061282779861,3.372561139792496,3.6895642225297616,3.8261861923116536,3.9330220180545408
outlook,103,2026Q1,2027Q1,effective_federal_funds_rate,4,500,3.4982472398293623,3.500207484635509,0.24991408176588922,0.011176497507259379,3.0762252723311287,3.186466385694746,3.3268065127604602,3.6736062993922682,3.8199711545735937,3.9372303998163076
outlook,103,2026Q1,2027Q2,effective_federal_funds_rate,5,500,3.449987307984617,3.4480789636301745,0.28461257884837354,0.01272826147112964,2.974470408526871,3.0851502275740295,3.249111397616139,3.634775997880146,3.82757344273458,3.939410501027618
outlook,103,2026Q1,2027Q3,effective_federal_funds_rate,6,500,3.4092198041159376,3.413772083697131,0.3067058796966552,0.01371630392201187,2.9184677951571047,3.0232929460784774,3.1941071280931927,3.6109902218503964,3.8215700000326547,3.9203218304535756
outlook,103,2026Q1,2027Q4,effective_federal_funds_rate,7,500,3.366570849006979,3.3593193946941824,0.3369990163984929,0.015071054180351928,2.8631236844695063,2.940379091930807,3.1267387562685935,3.5968844127956423,3.8158595425539943,3.937087478189638
outlook,103,2026Q1,2028Q1,effective_federal_funds_rate,8,500,3.3181335301155355,3.310999765479561,0.3663190101634414,0.016382284163517828,2.7349029859201446,2.845893193302962,3.068174672096086,3.56871424083785,3.7991439587299802,3.9406097904633617
outlook,103,2026Q1,2028Q2,effective_federal_funds_rate,9,500,3.268222824814941,3.270114529229562,0.3806267718322131,0.017022146717462612,2.6486276076335455,2.7872350824543823,3.0051210874044223,3.5231656754160565,3.7781490795264627,3.9000726214572756
outlook,103,2026Q1,2028Q3,effective_federal_funds_rate,10,500,3.2259559766470445,3.196273544880346,0.40541095231525315,0.018130528963996636,2.5221446283313,2.684372236976569,2.9561295143554327,3.5186587340726163,3.7610725205286943,3.884424927596033
outlook,103,2026Q1,2028Q4,effective_federal_funds_rate,11,500,3.1886532777195393,3.1649164919327566,0.4153014889714888,0.01857284720994256,2.496449861365558,2.6712102892769725,2.9244128010325667,3.4608800176624768,3.7782281429867686,3.8896643280591747
outlook,103,2026Q1,2029Q1,effective_federal_funds_rate,12,500,3.150101287476592,3.143669430761009,0.42538719464038244,0.019023893679476586,2.4603200758317088,2.6254572305799795,2.8608012072440516,3.4333870373854607,3.737623791597571,3.870545743658368
outlook,103,2026Q1,2026Q2,gdp_deflator,1,500,3.134264566171119,3.1260530792707186,1.036439825264664,0.04635099807759585,1.4815673604522672,1.8507540037062853,2.4308475809359464,3.82753540622236,4.532287813735678,4.905950831279782
outlook,103,2026Q1,2026Q3,gdp_deflator,2,500,2.9134510035403336,3.0102318305981868,1.3124359518588673,0.05869392008942137,0.8327084301564014,1.2331700881573227,2.003507014826411,3.8446832983959567,4.4788500315871715,4.986646953494223
outlook,103,2026Q1,2026Q4,gdp_deflator,3,500,2.7052027987498786,2.710046401575994,1.4109317442795084,0.06309878583642661,0.5288261565821983,0.961638805586631,1.6995455264348536,3.6246149080559675,4.5723244322967815,5.003281611637186
outlook,103,2026Q1,2027Q1,gdp_deflator,4,500,2.635391065629708,2.7170087496564577,1.5029168265473507,0.06721248377376274,0.2638208517579699,0.7718246461948297,1.601823914012357,3.6051539933895427,4.624663021766296,4.9918308503303175
outlook,103,2026Q1,2027Q2,gdp_deflator,5,500,2.4833900138825213,2.441577398355932,1.5021874098509453,0.06717986326742102,-0.20274406960140826,0.7348330396022362,1.524755052724558,3.410663244356904,4.453446133166068,5.114162778698272
outlook,103,2026Q1,2027Q3,gdp_deflator,6,500,2.3915894370984407,2.4393051206960337,1.4697811499365774,0.06573061126611995,-0.11559846586798983,0.5304084942140008,1.403758122059351,3.3353807022990622,4.170612905684764,4.837846227919975
outlook,103,2026Q1,2027Q4,gdp_deflator,7,500,2.3617876348244127,2.2916399321630365,1.5689563004156921,0.07016585882912138,-0.07067567313072232,0.3467528762417515,1.2877168408506279,3.3828231504795525,4.37649853046942,4.9830262039101925
outlook,103,2026Q1,2028Q1,gdp_deflator,8,500,2.365710001802937,2.3714645397863165,1.565812406823947,0.07002525963341802,-0.24390500994631026,0.4515140618643442,1.3138620986767435,3.377012103889321,4.327402398784629,4.909289123381662
outlook,103,2026Q1,2028Q2,gdp_deflator,9,500,2.305560712534644,2.248021272241374,1.566156696180921,0.07004065672154049,-0.18352891168184726,0.3547599905252241,1.3073492412933874,3.318568555345003,4.2750010358548,4.916074345157214
outlook,103,2026Q1,2028Q3,gdp_deflator,10,500,2.2310000094451325,2.146937888213074,1.6387381650921409,0.073286598689386,-0.38223486908773197,0.13033108681213434,1.1565488754028408,3.3133002521498867,4.234549499328821,4.917763736498024
outlook,103,2026Q1,2028Q4,gdp_deflator,11,500,2.1685385594349196,2.1143672223303156,1.6214079872950122,0.07251156957705525,-0.4287947759755895,0.16552993468394558,1.1248590728214936,3.204038610451043,4.282782275501091,4.785010096847273
outlook,103,2026Q1,2029Q1,gdp_deflator,12,500,2.2606100526583597,2.2717918112000746,1.5958029028256309,0.07136647538819203,-0.3199206823024526,0.26355420259093876,1.1663990728489892,3.2280854528936587,4.271105847416763,4.9028807185890955
outlook,103,2026Q1,2026Q2,nominal_gdp,1,500,4.888096731603337,4.80099826587832,5.094659541491849,0.22784010113987369,-3.7874847234403575,-2.035371411247553,1.499757585428263,8.250364473079763,11.569187197468196,12.987037877575391
outlook,103,2026Q1,2026Q3,nominal_gdp,2,500,-2.002007329521997,-2.084928128907393,4.166606004754871,0.18633628524181406,-8.692917005891445,-6.971474627324952,-4.8477628593625255,0.8744943776235914,3.4960035895083053,5.110575210569693
outlook,103,2026Q1,2026Q4,nominal_gdp,3,500,0.22591490809132891,0.4212723658564954,4.56757369372651,0.20426810542824564,-7.467625919351946,-5.639342815795914,-2.771337378143812,3.3005538948625457,6.256549836930532,7.547462443159071
outlook,103,2026Q1,2027Q1,nominal_gdp,4,500,2.332476386071524,2.475240381440358,4.691954318688903,0.20983057607824196,-5.690897192855395,-3.9115092222937164,-0.6065482509500342,5.262122302137584,8.257369198513873,10.339535009030563
outlook,103,2026Q1,2027Q2,nominal_gdp,5,500,2.2345813258059843,2.1409580362792724,4.854525681521655,0.21710098844801828,-5.510972839416155,-3.7886447403010948,-1.0264350238438524,5.172380722058634,8.484335948713237,10.81678463860584
outlook,103,2026Q1,2027Q3,nominal_gdp,6,500,2.5832917641011397,2.624383558099197,4.649016173185448,0.20791032383477193,-5.044391803021426,-3.339941961906163,-0.47691793399078364,5.750294412400514,8.029616541993791,10.14237268602372
outlook,103,2026Q1,2027Q4,nominal_gdp,7,500,2.05886419066468,2.199798011292131,4.890562805479684,0.21871261762569308,-6.172942880483845,-4.453778109237376,-1.0256306979808727,5.363674217645986,8.400009086502607,9.588094672776359
outlook,103,2026Q1,2028Q1,nominal_gdp,8,500,2.538502489163217,2.632302514854956,4.705222434102163,0.21042394423818922,-5.2088055379891784,-3.63434361360909,-0.48546363818857685,5.645971904066194,8.17157689792133,9.766043575286291
outlook,103,2026Q1,2028Q2,nominal_gdp,9,500,2.356616431219823,2.4867042466354405,4.714679971238316,0.21084689815691254,-6.1546172634066565,-3.884585552189819,-0.6950553499292411,5.7910471478809455,7.907249871859677,9.565600084939982
outlook,103,2026Q1,2028Q3,nominal_gdp,10,500,2.5663111273303922,2.856913420136209,4.8924695430369125,0.21879788952155738,-5.5838339087763345,-3.8062336745664287,-0.6684568397702151,5.702651875942166,8.579956479906485,10.177946909275274
outlook,103,2026Q1,2028Q4,nominal_gdp,11,500,2.3889138298945127,2.6432315090360703,4.755127287413719,0.21265575712642512,-5.844559163171503,-3.888812713057846,-0.8954727443054367,5.690669816400984,8.294361797813892,9.620848421832628
outlook,103,2026Q1,2029Q1,nominal_gdp,12,500,2.520511804461979,2.631898444219871,4.884884813312673,0.21845869009647012,-5.747437909975126,-3.6693408814273454,-0.6137872327885319,5.61579112528463,8.480058106810235,10.146293460502777
outlook,103,2026Q1,2026Q2,real_gdp,1,500,1.753832165432217,1.764677637423162,5.006202382329168,0.22388417672018823,-6.620814388071317,-4.917501719755819,-1.4792131413644327,5.100518313123992,8.456279491562386,9.837296029619509
outlook,103,2026Q1,2026Q3,real_gdp,2,500,-4.915458333062332,-4.742294069734498,3.883999649112372,0.17369774480001188,-11.208748205319878,-9.922483710128134,-7.511197891928667,-2.3863808404978926,-0.18158307388958125,1.5198872438979198
outlook,103,2026Q1,2026Q4,real_gdp,3,500,-2.4792878906585503,-2.2044402914282557,4.300549891421466,0.19232643795695473,-9.794318053834772,-8.218341349838596,-5.525967189916514,0.3497051918923688,2.985967510466027,4.286665188225705
outlook,103,2026Q1,2027Q1,real_gdp,4,500,-0.3029146795581852,-0.12706318184001475,4.493808319487264,0.20096921760455227,-7.697615325986185,-5.918162762703076,-3.0878514323619655,2.438474838873006,5.489820932448027,7.124355058958722
outlook,103,2026Q1,2027Q2,real_gdp,5,500,-0.24880868807653797,-0.5569507782670513,4.664388504772872,0.20859779540281487,-7.468049326181081,-6.100617530930137,-3.309823723303218,2.5033831032050813,5.901639623869174,7.7203028179623345
outlook,103,2026Q1,2027Q3,real_gdp,6,500,0.1917023270026988,0.4150981147105881,4.418078062501623,0.19758245755308387,-6.924308507596386,-5.112114606434943,-2.8348695940497493,3.1062037570258383,5.861193259138347,7.388774957127673
outlook,103,2026Q1,2027Q4,real_gdp,7,500,-0.3029234441597325,-0.016689481842036002,4.688995157814793,0.2096982383808246,-8.094170673568186,-6.495613614022844,-3.4893795171198505,2.7486089345245546,5.7001045254389044,7.210063612530463
outlook,103,2026Q1,2028Q1,real_gdp,8,500,0.17279248736028024,0.3875537942363394,4.5111712933633,0.2017457134021197,-7.6342375263333295,-5.258378611860479,-2.8259214085265327,3.026934664600489,5.6952979008458735,7.484485633860417
outlook,103,2026Q1,2028Q2,real_gdp,9,500,0.05105571868517842,0.29719148029556663,4.440267927404807,0.19857481847978498,-7.778601840043393,-5.988025959430843,-2.90080659690517,3.4040465315564816,5.671718683823102,6.9959152626129395
outlook,103,2026Q1,2028Q3,real_gdp,10,500,0.33531111788525864,0.4299573306226989,4.6197580215082095,0.20660185951384583,-7.408848074851768,-5.67810434811328,-2.6392548531083193,3.5811026994583273,6.060717431882525,7.631955893938596
outlook,103,2026Q1,2028Q4,real_gdp,11,500,0.2203752704595928,0.55574979335411,4.4562823696769875,0.19929100611063183,-7.590865932047208,-5.9964577153850485,-2.832279223768275,3.2686336792341564,5.470173852118663,6.862985860021454
outlook,103,2026Q1,2029Q1,real_gdp,12,500,0.2599017518036192,0.37776130986273415,4.656017296617731,0.20822342359304094,-7.4328577567295895,-5.7565265520455,-2.821863346633613,3.191699443473617,5.886755911397614,7.693352799964724
outlook,103,2026Q1,2026Q2,unemployment_rate,1,500,3.488608981380068,3.669222343921139,0.707652313333031,0.03164717354095276,2.190580503833516,2.4644030668127055,3.2311062431544357,3.723986856516977,4.16210295728368,4.545454545454546
outlook,103,2026Q1,2026Q3,unemployment_rate,2,500,4.502957283680177,4.545454545454546,1.0708759794065568,0.047891029708494515,2.6807228915662646,3.061336254107338,3.833515881708653,5.093099671412925,5.859802847754655,6.407447973713034
outlook,103,2026Q1,2026Q4,unemployment_rate,3,500,5.118729463307776,5.2026286966046005,1.1917292186299024,0.05329575087258341,3.118838992332968,3.4501642935377874,4.326396495071194,5.859802847754655,6.571741511500548,7.064622124863089
outlook,103,2026Q1,2027Q1,unemployment_rate,4,500,5.13658269441402,5.093099671412925,1.1875796119418975,0.053110174819898076,3.2311062431544357,3.5596933187294635,4.271631982475356,5.9145673603504925,6.736035049288061,7.064622124863089
outlook,103,2026Q1,2027Q2,unemployment_rate,5,500,5.193866374589268,5.2026286966046005,1.1718199394087705,0.05240538083815391,3.285870755750274,3.718510405257393,4.381161007667032,5.9145673603504925,6.681270536692224,7.119386637458927
outlook,103,2026Q1,2027Q3,unemployment_rate,6,500,5.14906900328587,5.120481927710843,1.166147734364829,0.0521517121169425,3.285870755750274,3.6144578313253013,4.435925520262869,5.859802847754655,6.681270536692224,7.119386637458927
outlook,103,2026Q1,2027Q4,unemployment_rate,7,500,5.213800657174152,5.2026286966046005,1.2493407583361353,0.055872217254014714,3.2311062431544357,3.5596933187294635,4.381161007667032,5.969331872946331,6.790799561883899,7.3932092004381165
outlook,103,2026Q1,2028Q1,unemployment_rate,8,500,5.157721796276015,5.147864184008762,1.2577329286722272,0.056247526521019886,3.173603504928806,3.5596933187294635,4.216867469879518,6.024096385542169,6.741511500547646,7.28368017524644
outlook,103,2026Q1,2028Q2,unemployment_rate,9,500,5.1539978094194945,5.2026286966046005,1.2074098695080233,0.05399701089848181,3.12157721796276,3.5049288061336252,4.381161007667032,5.928258488499452,6.63198247535597,7.119386637458927
outlook,103,2026Q1,2028Q3,unemployment_rate,10,500,5.083570646221249,5.093099671412925,1.238456230931698,0.05538544639042908,3.0120481927710845,3.5049288061336252,4.271631982475356,5.9145673603504925,6.626506024096385,7.119386637458927
outlook,103,2026Q1,2028Q4,unemployment_rate,11,500,5.027710843373494,5.093099671412925,1.2814514682892362,0.05730825185923296,2.954545454545454,3.389923329682366,4.1073384446878425,5.859802847754655,6.681270536692224,7.28368017524644
outlook,103,2026Q1,2029Q1,unemployment_rate,12,500,4.977108433734939,4.983570646221248,1.2513664963785722,0.05596281101336464,3.0668127053669223,3.3953997809419496,4.1073384446878425,5.859802847754655,6.522453450164295,7.064622124863089
