idx,code,supply,imports,uses_before,uses_after,delta,delta_pct,gap_before_pct,gap_after_pct
1,111CA,440876.788773,40780.532527,502613.494095,440876.788773,-61736.705323,-12.283137,14.003165,0.000000
2,113FF,70357.326353,17746.349545,87184.840531,70357.326353,-16827.514178,-19.300963,23.917217,0.000000
3,211,388932.714721,145284.611021,414350.298374,388932.714721,-25417.583653,-6.134323,6.535214,0.000000
4,212,102970.249426,5067.837367,103972.552444,102970.249426,-1002.303018,-0.964007,0.973391,0.000000
5,213,106489.235169,1038.540000,130340.585847,106489.235169,-23851.350678,-18.299251,22.397898,0.000000
6,22,442747.529639,2409.056050,584739.262292,442747.529639,-141991.732653,-24.282914,32.070587,0.000000
7,23,1551298.291785,0.000000,1809324.225437,1551298.291785,-258025.933652,-14.260901,16.632903,0.000000
8,311FT,1005402.259312,90619.551831,1072123.894674,1005402.259312,-66721.635362,-6.223314,6.636312,0.000000
9,313TT,78471.476555,29729.198479,78523.966577,78471.476555,-52.490021,-0.066846,0.066891,0.000000
10,315AL,138271.707311,122896.542619,140149.923030,138271.707311,-1878.215719,-1.340148,1.358351,0.000000
11,321,127505.673254,20852.059813,145302.972518,127505.673254,-17797.299264,-12.248407,13.958045,0.000000
12,322,204170.942289,22233.476569,215345.178228,204170.942289,-11174.235939,-5.188988,5.472981,0.000000
13,323,85267.655823,2575.539562,67266.115392,85267.655823,18001.540431,26.761677,-21.111804,0.000000
14,324,578372.990127,52136.095373,615980.679111,578372.990127,-37607.688984,-6.105336,6.502325,0.000000
15,325,1001553.183859,234889.406210,1019853.081822,1001553.183859,-18299.897964,-1.794366,1.827152,0.000000
16,326,283203.777666,49686.409418,294362.804461,283203.777666,-11159.026795,-3.790909,3.940282,0.000000
17,327,150128.156980,24730.729241,174636.159570,150128.156980,-24508.002590,-14.033750,16.324721,0.000000
18,331,299857.046056,78949.850454,338335.722767,299857.046056,-38478.676711,-11.372928,12.832340,0.000000
19,332,405392.356594,63084.368199,434979.536775,405392.356594,-29587.180181,-6.801971,7.298406,0.000000
20,333,529483.157400,156123.876786,581643.767913,529483.157400,-52160.610513,-8.967793,9.851231,0.000000
21,334,678493.363203,326707.044739,664669.449146,678493.363203,13823.914057,2.079818,-2.037443,0.000000
22,335,220663.810781,97626.723912,237798.293994,220663.810781,-17134.483213,-7.205469,7.764972,0.000000
23,3361MV,904030.651395,318865.473154,945648.340198,904030.651395,-41617.688803,-4.400969,4.603571,0.000000
24,3364OT,380950.009556,48550.754036,407425.469698,380950.009556,-26475.460141,-6.498234,6.949852,0.000000
25,337,118044.752357,43063.734970,124126.861671,118044.752357,-6082.109314,-4.899914,5.152376,0.000000
26,339,249536.131279,92642.128300,247683.006724,249536.131279,1853.124554,0.748184,-0.742628,0.000000
27,42,1831457.360118,0.000000,1309329.274458,1831457.360118,522128.085660,39.877523,-28.508886,0.000000
28,481,254551.207394,45032.798883,259271.468262,254551.207394,-4720.260868,-1.820586,1.854346,0.000000
29,482,79669.877801,0.000000,69605.445043,79669.877801,10064.432758,14.459261,-12.632670,0.000000
30,483,53319.953746,0.000000,40936.069099,53319.953746,12383.884646,30.251768,-23.225610,0.000000
31,484,360432.642804,0.000000,282257.214779,360432.642804,78175.428025,27.696521,-21.689331,0.000000
32,485,76407.574826,0.000000,96245.127006,76407.574826,-19837.552180,-20.611487,25.962808,0.000000
33,486,47862.987612,0.000000,49979.228947,47862.987612,-2116.241335,-4.234242,4.421457,0.000000
34,487OS,235636.957364,0.000000,223546.853508,235636.957364,12090.103856,5.408309,-5.130818,0.000000
35,493,121967.593904,0.000000,101643.538107,121967.593904,20324.055797,19.995423,-16.663488,0.000000
36,4A0,1628265.347436,0.000000,1443791.892406,1628265.347436,184473.455029,12.777011,-11.329447,0.000000
37,511,386073.239718,4422.713760,330524.990768,386073.239718,55548.248950,16.806066,-14.388008,0.000000
38,512,157979.441413,11025.568743,166742.807236,157979.441413,-8763.365823,-5.255618,5.547156,0.000000
39,513,815936.170658,157.564752,711257.089539,815936.170658,104679.081119,14.717475,-12.829322,0.000000
40,514,362239.008559,1241.689523,323596.819767,362239.008559,38642.188793,11.941461,-10.667595,0.000000
41,521CI,1056782.637592,6586.008436,985983.418312,1056782.637592,70799.219280,7.180569,-6.699506,0.000000
42,523,545161.104470,56.485477,571661.429991,545161.104470,-26500.325521,-4.635668,4.861008,0.000000
43,524,1064166.559495,52217.355182,1059216.491622,1064166.559495,4950.067873,0.467333,-0.465159,0.000000
44,525,155987.829364,0.000000,185259.841104,155987.829364,-29272.011741,-15.800516,18.765574,0.000000
45,532RL,334171.811001,0.000000,434014.630647,334171.811001,-99842.819646,-23.004482,29.877691,0.000000
46,5411,341956.207976,3826.147844,347479.860300,341956.207976,-5523.652324,-1.589632,1.615310,0.000000
47,5412OP,1449817.443232,90436.221773,2120290.407486,1449817.443232,-670472.964254,-31.621752,46.245337,0.000000
48,5415,502045.797934,33833.809816,595055.256384,502045.797934,-93009.458449,-15.630390,18.526090,0.000000
49,55,564081.905018,0.000000,519492.079495,564081.905018,44589.825524,8.583350,-7.904849,0.000000
50,561,928153.555670,1920.506222,872969.399037,928153.555670,55184.156633,6.321431,-5.945585,0.000000
51,562,112651.666821,231.887748,134707.158790,112651.666821,-22055.491969,-16.372917,19.578487,0.000000
52,61,356234.759841,1715.374752,378908.653921,356234.759841,-22673.894080,-5.984000,6.364874,0.000000
53,621,1064293.806925,101.079275,1079605.361312,1064293.806925,-15311.554387,-1.418255,1.438659,0.000000
54,622,841893.545996,4398.930402,1050300.073818,841893.545996,-208406.527822,-19.842570,24.754499,0.000000
55,623,238972.929634,28.738225,239890.361330,238972.929634,-917.431696,-0.382438,0.383906,0.000000
56,624,221203.321669,0.000000,224246.258172,221203.321669,-3042.936503,-1.356962,1.375629,0.000000
57,711AS,192939.533080,1313.039599,181635.732090,192939.533080,11303.800990,6.223335,-5.858727,0.000000
58,713,142169.801488,0.000000,205035.995993,142169.801488,-62866.194505,-30.661053,44.219091,0.000000
59,721,255624.295831,0.000000,218199.176988,255624.295831,37425.118843,17.151815,-14.640674,0.000000
60,722,754625.053290,0.000000,883220.110272,754625.053290,-128595.056982,-14.559797,17.040921,0.000000
61,81,695642.504781,4742.798131,823736.324923,695642.504781,-128093.820143,-15.550343,18.413743,0.000000
62,GFE,100619.482247,286.391279,59977.616317,100619.482247,40641.865929,67.761722,-40.391647,0.000000
63,GFGD,619028.190208,0.000000,606123.337570,619028.190208,12904.852638,2.129080,-2.084695,-0.000000
64,GFGN,403198.220991,0.000000,383422.629841,403198.220991,19775.591150,5.157648,-4.904682,-0.000000
65,GSLE,367151.747888,0.000000,106413.049870,367151.747888,260738.698018,245.025115,-71.016603,0.000000
66,GSLG,2244090.264039,0.000000,1756822.035629,2244090.264039,487268.228410,27.735776,-21.713397,-0.000000
67,HS,2051125.160584,0.000000,2042845.322897,2051125.160584,8279.837686,0.405309,-0.403673,0.000000
68,ORE,1252569.993163,0.000000,1263482.806620,1252569.993163,-10912.813457,-0.863709,0.871234,0.000000
