sample_track,target_set,model_id,benchmark_model_id,status,target_horizon_cell_count,expected_target_horizon_cell_count,minimum_common_observation_count,maximum_common_observation_count,model_failure_count,all_model_failure_count,failure_free,weighted_macro_average_cellwise_rmse_ratio,weighted_macro_average_cellwise_mae_ratio
abm_all_available_common_cells,headline_real_gdp_gdp_deflator,naive_no_change,beforeit_var_p1_constant,COMPLETE_MATCHED,10,10,50,61,0,0,true,1.0747618363076665,1.1213803094292427
abm_all_available_common_cells,headline_real_gdp_gdp_deflator,naive_drift,beforeit_var_p1_constant,COMPLETE_MATCHED,10,10,50,61,0,0,true,1.1057663893348681,1.1562877601310952
abm_all_available_common_cells,headline_real_gdp_gdp_deflator,naive_historical_mean,beforeit_var_p1_constant,COMPLETE_MATCHED,10,10,50,61,0,0,true,0.8789119796674197,0.8380823355571503
abm_all_available_common_cells,headline_real_gdp_gdp_deflator,univariate_ar_p1_constant,beforeit_var_p1_constant,COMPLETE_MATCHED,10,10,50,61,0,0,true,0.9178841242969804,0.8877330687235799
abm_all_available_common_cells,headline_real_gdp_gdp_deflator,univariate_ar_p4_constant,beforeit_var_p1_constant,COMPLETE_MATCHED,10,10,50,61,0,0,true,0.9387425645223512,0.92274418228974
abm_all_available_common_cells,headline_real_gdp_gdp_deflator,univariate_ar_bic_p1-2-3-4-5-6-7-8_constant,beforeit_var_p1_constant,COMPLETE_MATCHED,10,10,50,61,0,0,true,0.9285810586279682,0.9010958204625694
abm_all_available_common_cells,headline_real_gdp_gdp_deflator,beforeit_var_p1_constant,beforeit_var_p1_constant,COMPLETE_MATCHED,10,10,50,61,0,0,true,1.0,1.0
abm_all_available_common_cells,headline_real_gdp_gdp_deflator,beforeit_var_p2_constant,beforeit_var_p1_constant,COMPLETE_MATCHED,10,10,50,61,0,0,true,2.120736236368622,1.496073767599479
abm_all_available_common_cells,headline_real_gdp_gdp_deflator,beforeit_var_p3_constant,beforeit_var_p1_constant,COMPLETE_MATCHED,10,10,50,61,0,0,true,5.312660922494435,2.6721041335565516
abm_all_available_common_cells,headline_real_gdp_gdp_deflator,bvar_mniw_v1_p1_constant_tight3fc999999999999a_decay3ff0000000000000_own0000000000000000_ivar4059000000000000_iwoff2_iscale3ff0000000000000_floor3e45798ee2308c3a_diffmse_scale,beforeit_var_p1_constant,COMPLETE_MATCHED,10,10,50,61,0,0,true,0.9079538493976241,0.895707574718776
abm_all_available_common_cells,headline_real_gdp_gdp_deflator,beforeit_abm_us_v1_mean,beforeit_var_p1_constant,COMPLETE_MATCHED,10,10,50,61,0,0,true,0.9047836956905649,1.137022116199356
abm_all_available_common_cells,headline_real_gdp_gdp_deflator,beforeit_abm_us_v1_median,beforeit_var_p1_constant,COMPLETE_MATCHED,10,10,50,61,0,0,true,0.9033574661534554,1.1302571461299964
abm_all_available_common_cells,secondary_nominal_gdp_effective_federal_funds_rate,naive_no_change,beforeit_var_p1_constant,COMPLETE_MATCHED,10,10,50,61,0,0,true,0.9050174127714063,0.8840107344139223
abm_all_available_common_cells,secondary_nominal_gdp_effective_federal_funds_rate,naive_drift,beforeit_var_p1_constant,COMPLETE_MATCHED,10,10,50,61,0,0,true,0.9632427934420562,1.0232708598781626
abm_all_available_common_cells,secondary_nominal_gdp_effective_federal_funds_rate,naive_historical_mean,beforeit_var_p1_constant,COMPLETE_MATCHED,10,10,50,61,0,0,true,1.2589801381551524,1.7103116154773785
abm_all_available_common_cells,secondary_nominal_gdp_effective_federal_funds_rate,univariate_ar_p1_constant,beforeit_var_p1_constant,COMPLETE_MATCHED,10,10,50,61,0,0,true,0.8307056677273899,0.7952946292289056
abm_all_available_common_cells,secondary_nominal_gdp_effective_federal_funds_rate,univariate_ar_p4_constant,beforeit_var_p1_constant,COMPLETE_MATCHED,10,10,50,61,0,0,true,0.7912161024239096,0.8326110090156296
abm_all_available_common_cells,secondary_nominal_gdp_effective_federal_funds_rate,univariate_ar_bic_p1-2-3-4-5-6-7-8_constant,beforeit_var_p1_constant,COMPLETE_MATCHED,10,10,50,61,0,0,true,0.7796454595584312,0.81643492074669
abm_all_available_common_cells,secondary_nominal_gdp_effective_federal_funds_rate,beforeit_var_p1_constant,beforeit_var_p1_constant,COMPLETE_MATCHED,10,10,50,61,0,0,true,1.0,1.0
abm_all_available_common_cells,secondary_nominal_gdp_effective_federal_funds_rate,beforeit_var_p2_constant,beforeit_var_p1_constant,COMPLETE_MATCHED,10,10,50,61,0,0,true,1.5804277443712387,1.2456435184204384
abm_all_available_common_cells,secondary_nominal_gdp_effective_federal_funds_rate,beforeit_var_p3_constant,beforeit_var_p1_constant,COMPLETE_MATCHED,10,10,50,61,0,0,true,3.543094972326881,1.9896733208740385
abm_all_available_common_cells,secondary_nominal_gdp_effective_federal_funds_rate,bvar_mniw_v1_p1_constant_tight3fc999999999999a_decay3ff0000000000000_own0000000000000000_ivar4059000000000000_iwoff2_iscale3ff0000000000000_floor3e45798ee2308c3a_diffmse_scale,beforeit_var_p1_constant,COMPLETE_MATCHED,10,10,50,61,0,0,true,0.8092690824536513,0.8639316381877572
abm_all_available_common_cells,secondary_nominal_gdp_effective_federal_funds_rate,beforeit_abm_us_v1_mean,beforeit_var_p1_constant,COMPLETE_MATCHED,10,10,50,61,0,0,true,0.7824063794006071,0.9705265908570169
abm_all_available_common_cells,secondary_nominal_gdp_effective_federal_funds_rate,beforeit_abm_us_v1_median,beforeit_var_p1_constant,COMPLETE_MATCHED,10,10,50,61,0,0,true,0.7810367082255644,0.9620237255066639
abm_balanced_h12_common_cells,headline_real_gdp_gdp_deflator,naive_no_change,beforeit_var_p1_constant,COMPLETE_MATCHED,10,10,50,50,0,0,true,1.071534004654398,1.1245609033207111
abm_balanced_h12_common_cells,headline_real_gdp_gdp_deflator,naive_drift,beforeit_var_p1_constant,COMPLETE_MATCHED,10,10,50,50,0,0,true,1.10255173636835,1.159728034058359
abm_balanced_h12_common_cells,headline_real_gdp_gdp_deflator,naive_historical_mean,beforeit_var_p1_constant,COMPLETE_MATCHED,10,10,50,50,0,0,true,0.8843141446871345,0.8461750730347184
abm_balanced_h12_common_cells,headline_real_gdp_gdp_deflator,univariate_ar_p1_constant,beforeit_var_p1_constant,COMPLETE_MATCHED,10,10,50,50,0,0,true,0.9184853050074173,0.8901014174010121
abm_balanced_h12_common_cells,headline_real_gdp_gdp_deflator,univariate_ar_p4_constant,beforeit_var_p1_constant,COMPLETE_MATCHED,10,10,50,50,0,0,true,0.9416278375308395,0.9332512030519767
abm_balanced_h12_common_cells,headline_real_gdp_gdp_deflator,univariate_ar_bic_p1-2-3-4-5-6-7-8_constant,beforeit_var_p1_constant,COMPLETE_MATCHED,10,10,50,50,0,0,true,0.9304250043667068,0.9080240983593629
abm_balanced_h12_common_cells,headline_real_gdp_gdp_deflator,beforeit_var_p1_constant,beforeit_var_p1_constant,COMPLETE_MATCHED,10,10,50,50,0,0,true,1.0,1.0
abm_balanced_h12_common_cells,headline_real_gdp_gdp_deflator,beforeit_var_p2_constant,beforeit_var_p1_constant,COMPLETE_MATCHED,10,10,50,50,0,0,true,2.122345854417733,1.4974009449871613
abm_balanced_h12_common_cells,headline_real_gdp_gdp_deflator,beforeit_var_p3_constant,beforeit_var_p1_constant,COMPLETE_MATCHED,10,10,50,50,0,0,true,5.319143435436277,2.6851546912658937
abm_balanced_h12_common_cells,headline_real_gdp_gdp_deflator,bvar_mniw_v1_p1_constant_tight3fc999999999999a_decay3ff0000000000000_own0000000000000000_ivar4059000000000000_iwoff2_iscale3ff0000000000000_floor3e45798ee2308c3a_diffmse_scale,beforeit_var_p1_constant,COMPLETE_MATCHED,10,10,50,50,0,0,true,0.9089986121426213,0.8931791586857714
abm_balanced_h12_common_cells,headline_real_gdp_gdp_deflator,beforeit_abm_us_v1_mean,beforeit_var_p1_constant,COMPLETE_MATCHED,10,10,50,50,0,0,true,0.8937660203900836,1.1022176458649349
abm_balanced_h12_common_cells,headline_real_gdp_gdp_deflator,beforeit_abm_us_v1_median,beforeit_var_p1_constant,COMPLETE_MATCHED,10,10,50,50,0,0,true,0.8929298563558177,1.0976623325134793
abm_balanced_h12_common_cells,secondary_nominal_gdp_effective_federal_funds_rate,naive_no_change,beforeit_var_p1_constant,COMPLETE_MATCHED,10,10,50,50,0,0,true,0.893815299704194,0.8600959214366362
abm_balanced_h12_common_cells,secondary_nominal_gdp_effective_federal_funds_rate,naive_drift,beforeit_var_p1_constant,COMPLETE_MATCHED,10,10,50,50,0,0,true,0.952953062506577,1.008362616353439
abm_balanced_h12_common_cells,secondary_nominal_gdp_effective_federal_funds_rate,naive_historical_mean,beforeit_var_p1_constant,COMPLETE_MATCHED,10,10,50,50,0,0,true,1.0782025896165848,1.4449752878084807
abm_balanced_h12_common_cells,secondary_nominal_gdp_effective_federal_funds_rate,univariate_ar_p1_constant,beforeit_var_p1_constant,COMPLETE_MATCHED,10,10,50,50,0,0,true,0.8125487615925151,0.7609985222166487
abm_balanced_h12_common_cells,secondary_nominal_gdp_effective_federal_funds_rate,univariate_ar_p4_constant,beforeit_var_p1_constant,COMPLETE_MATCHED,10,10,50,50,0,0,true,0.7871916439028697,0.8292984684078779
abm_balanced_h12_common_cells,secondary_nominal_gdp_effective_federal_funds_rate,univariate_ar_bic_p1-2-3-4-5-6-7-8_constant,beforeit_var_p1_constant,COMPLETE_MATCHED,10,10,50,50,0,0,true,0.7702020999347929,0.797634230879075
abm_balanced_h12_common_cells,secondary_nominal_gdp_effective_federal_funds_rate,beforeit_var_p1_constant,beforeit_var_p1_constant,COMPLETE_MATCHED,10,10,50,50,0,0,true,1.0,1.0
abm_balanced_h12_common_cells,secondary_nominal_gdp_effective_federal_funds_rate,beforeit_var_p2_constant,beforeit_var_p1_constant,COMPLETE_MATCHED,10,10,50,50,0,0,true,1.57168918902587,1.2246566635989236
abm_balanced_h12_common_cells,secondary_nominal_gdp_effective_federal_funds_rate,beforeit_var_p3_constant,beforeit_var_p1_constant,COMPLETE_MATCHED,10,10,50,50,0,0,true,3.533647581512419,1.967050800536632
abm_balanced_h12_common_cells,secondary_nominal_gdp_effective_federal_funds_rate,bvar_mniw_v1_p1_constant_tight3fc999999999999a_decay3ff0000000000000_own0000000000000000_ivar4059000000000000_iwoff2_iscale3ff0000000000000_floor3e45798ee2308c3a_diffmse_scale,beforeit_var_p1_constant,COMPLETE_MATCHED,10,10,50,50,0,0,true,0.7994700190195811,0.843453739158049
abm_balanced_h12_common_cells,secondary_nominal_gdp_effective_federal_funds_rate,beforeit_abm_us_v1_mean,beforeit_var_p1_constant,COMPLETE_MATCHED,10,10,50,50,0,0,true,0.761126062238537,0.9118550101183309
abm_balanced_h12_common_cells,secondary_nominal_gdp_effective_federal_funds_rate,beforeit_abm_us_v1_median,beforeit_var_p1_constant,COMPLETE_MATCHED,10,10,50,50,0,0,true,0.7603149690784708,0.9047389978955322
abm_pandemic_masked_common_cells,headline_real_gdp_gdp_deflator,naive_no_change,beforeit_var_p1_constant,COMPLETE_MATCHED,10,10,42,53,0,0,true,1.2576956392699303,1.1977805029584014
abm_pandemic_masked_common_cells,headline_real_gdp_gdp_deflator,naive_drift,beforeit_var_p1_constant,COMPLETE_MATCHED,10,10,42,53,0,0,true,1.325166491165282,1.2550101543164482
abm_pandemic_masked_common_cells,headline_real_gdp_gdp_deflator,naive_historical_mean,beforeit_var_p1_constant,COMPLETE_MATCHED,10,10,42,53,0,0,true,0.8806213496954086,0.8193539130857065
abm_pandemic_masked_common_cells,headline_real_gdp_gdp_deflator,univariate_ar_p1_constant,beforeit_var_p1_constant,COMPLETE_MATCHED,10,10,42,53,0,0,true,0.8480393593661596,0.8295496996298036
abm_pandemic_masked_common_cells,headline_real_gdp_gdp_deflator,univariate_ar_p4_constant,beforeit_var_p1_constant,COMPLETE_MATCHED,10,10,42,53,0,0,true,0.888516148068327,0.863624236871179
abm_pandemic_masked_common_cells,headline_real_gdp_gdp_deflator,univariate_ar_bic_p1-2-3-4-5-6-7-8_constant,beforeit_var_p1_constant,COMPLETE_MATCHED,10,10,42,53,0,0,true,0.8699002219485997,0.8519799537780888
abm_pandemic_masked_common_cells,headline_real_gdp_gdp_deflator,beforeit_var_p1_constant,beforeit_var_p1_constant,COMPLETE_MATCHED,10,10,42,53,0,0,true,1.0,1.0
abm_pandemic_masked_common_cells,headline_real_gdp_gdp_deflator,beforeit_var_p2_constant,beforeit_var_p1_constant,COMPLETE_MATCHED,10,10,42,53,0,0,true,3.721794142725728,1.8411974173077343
abm_pandemic_masked_common_cells,headline_real_gdp_gdp_deflator,beforeit_var_p3_constant,beforeit_var_p1_constant,COMPLETE_MATCHED,10,10,42,53,0,0,true,11.805653296242735,4.016701186695801
abm_pandemic_masked_common_cells,headline_real_gdp_gdp_deflator,bvar_mniw_v1_p1_constant_tight3fc999999999999a_decay3ff0000000000000_own0000000000000000_ivar4059000000000000_iwoff2_iscale3ff0000000000000_floor3e45798ee2308c3a_diffmse_scale,beforeit_var_p1_constant,COMPLETE_MATCHED,10,10,42,53,0,0,true,0.8518451161084352,0.8663818036256491
abm_pandemic_masked_common_cells,headline_real_gdp_gdp_deflator,beforeit_abm_us_v1_mean,beforeit_var_p1_constant,COMPLETE_MATCHED,10,10,42,53,0,0,true,1.2722871834982439,1.4484206708975107
abm_pandemic_masked_common_cells,headline_real_gdp_gdp_deflator,beforeit_abm_us_v1_median,beforeit_var_p1_constant,COMPLETE_MATCHED,10,10,42,53,0,0,true,1.2640604441224688,1.4351588706824454
abm_pandemic_masked_common_cells,secondary_nominal_gdp_effective_federal_funds_rate,naive_no_change,beforeit_var_p1_constant,COMPLETE_MATCHED,10,10,42,53,0,0,true,1.0430737662338063,0.948483300000317
abm_pandemic_masked_common_cells,secondary_nominal_gdp_effective_federal_funds_rate,naive_drift,beforeit_var_p1_constant,COMPLETE_MATCHED,10,10,42,53,0,0,true,1.1477661634008955,1.1441749182587826
abm_pandemic_masked_common_cells,secondary_nominal_gdp_effective_federal_funds_rate,naive_historical_mean,beforeit_var_p1_constant,COMPLETE_MATCHED,10,10,42,53,0,0,true,1.6657433220622624,2.083465086253937
abm_pandemic_masked_common_cells,secondary_nominal_gdp_effective_federal_funds_rate,univariate_ar_p1_constant,beforeit_var_p1_constant,COMPLETE_MATCHED,10,10,42,53,0,0,true,0.8664368550093999,0.7951144007848991
abm_pandemic_masked_common_cells,secondary_nominal_gdp_effective_federal_funds_rate,univariate_ar_p4_constant,beforeit_var_p1_constant,COMPLETE_MATCHED,10,10,42,53,0,0,true,0.7188474410865641,0.7823322631331507
abm_pandemic_masked_common_cells,secondary_nominal_gdp_effective_federal_funds_rate,univariate_ar_bic_p1-2-3-4-5-6-7-8_constant,beforeit_var_p1_constant,COMPLETE_MATCHED,10,10,42,53,0,0,true,0.7714201535522761,0.8045741143952205
abm_pandemic_masked_common_cells,secondary_nominal_gdp_effective_federal_funds_rate,beforeit_var_p1_constant,beforeit_var_p1_constant,COMPLETE_MATCHED,10,10,42,53,0,0,true,1.0,1.0
abm_pandemic_masked_common_cells,secondary_nominal_gdp_effective_federal_funds_rate,beforeit_var_p2_constant,beforeit_var_p1_constant,COMPLETE_MATCHED,10,10,42,53,0,0,true,2.778289678007779,1.5536402280663966
abm_pandemic_masked_common_cells,secondary_nominal_gdp_effective_federal_funds_rate,beforeit_var_p3_constant,beforeit_var_p1_constant,COMPLETE_MATCHED,10,10,42,53,0,0,true,8.203448142781344,2.98055465266835
abm_pandemic_masked_common_cells,secondary_nominal_gdp_effective_federal_funds_rate,bvar_mniw_v1_p1_constant_tight3fc999999999999a_decay3ff0000000000000_own0000000000000000_ivar4059000000000000_iwoff2_iscale3ff0000000000000_floor3e45798ee2308c3a_diffmse_scale,beforeit_var_p1_constant,COMPLETE_MATCHED,10,10,42,53,0,0,true,0.7941691443448751,0.8561950542067892
abm_pandemic_masked_common_cells,secondary_nominal_gdp_effective_federal_funds_rate,beforeit_abm_us_v1_mean,beforeit_var_p1_constant,COMPLETE_MATCHED,10,10,42,53,0,0,true,1.1238600740359865,1.2680901182431803
abm_pandemic_masked_common_cells,secondary_nominal_gdp_effective_federal_funds_rate,beforeit_abm_us_v1_median,beforeit_var_p1_constant,COMPLETE_MATCHED,10,10,42,53,0,0,true,1.1168098865246534,1.2539403593019156
