period,target_id,published_value
2000Q2,core_pce_price_index,74.689
2000Q2,gdp_deflator,72.520
2000Q2,nominal_gdp,10247720
2000Q2,pce_price_index,73.568
2000Q2,real_gdp,14130908
2000Q3,core_pce_price_index,75.050
2000Q3,gdp_deflator,72.944
2000Q3,nominal_gdp,10318165
2000Q3,pce_price_index,74.042
2000Q3,real_gdp,14145312
2000Q4,core_pce_price_index,75.421
2000Q4,gdp_deflator,73.337
2000Q4,nominal_gdp,10435744
2000Q4,pce_price_index,74.460
2000Q4,real_gdp,14229765
2001Q1,core_pce_price_index,75.912
2001Q1,gdp_deflator,73.822
2001Q1,nominal_gdp,10470231
2001Q1,pce_price_index,75.012
2001Q1,real_gdp,14183120
2001Q2,core_pce_price_index,76.199
2001Q2,gdp_deflator,74.266
2001Q2,nominal_gdp,10599000
2001Q2,pce_price_index,75.363
2001Q2,real_gdp,14271694
2001Q3,core_pce_price_index,76.395
2001Q3,gdp_deflator,74.558
2001Q3,nominal_gdp,10598020
2001Q3,pce_price_index,75.401
2001Q3,real_gdp,14214516
2001Q4,core_pce_price_index,76.764
2001Q4,gdp_deflator,74.792
2001Q4,nominal_gdp,10660465
2001Q4,pce_price_index,75.432
2001Q4,real_gdp,14253574
2002Q1,core_pce_price_index,77.000
2002Q1,gdp_deflator,75.027
2002Q1,nominal_gdp,10783500
2002Q1,pce_price_index,75.584
2002Q1,real_gdp,14372785
2002Q2,core_pce_price_index,77.424
2002Q2,gdp_deflator,75.289
2002Q2,nominal_gdp,10887460
2002Q2,pce_price_index,76.145
2002Q2,real_gdp,14460848
2002Q3,core_pce_price_index,77.836
2002Q3,gdp_deflator,75.650
2002Q3,nominal_gdp,10984040
2002Q3,pce_price_index,76.539
2002Q3,real_gdp,14519633
2002Q4,core_pce_price_index,78.113
2002Q4,gdp_deflator,76.089
2002Q4,nominal_gdp,11061433
2002Q4,pce_price_index,76.896
2002Q4,real_gdp,14537580
2003Q1,core_pce_price_index,78.354
2003Q1,gdp_deflator,76.461
2003Q1,nominal_gdp,11174129
2003Q1,pce_price_index,77.484
2003Q1,real_gdp,14614141
2003Q2,core_pce_price_index,78.651
2003Q2,gdp_deflator,76.730
2003Q2,nominal_gdp,11312766
2003Q2,pce_price_index,77.562
2003Q2,real_gdp,14743567
2003Q3,core_pce_price_index,79.011
2003Q3,gdp_deflator,77.169
2003Q3,nominal_gdp,11566669
2003Q3,pce_price_index,78.073
2003Q3,real_gdp,14988782
2003Q4,core_pce_price_index,79.365
2003Q4,gdp_deflator,77.639
2003Q4,nominal_gdp,11772234
2003Q4,pce_price_index,78.457
2003Q4,real_gdp,15162760
2004Q1,core_pce_price_index,79.801
2004Q1,gdp_deflator,78.193
2004Q1,nominal_gdp,11923447
2004Q1,pce_price_index,79.062
2004Q1,real_gdp,15248680
2004Q2,core_pce_price_index,80.258
2004Q2,gdp_deflator,78.824
2004Q2,nominal_gdp,12112815
2004Q2,pce_price_index,79.594
2004Q2,real_gdp,15366850
2004Q3,core_pce_price_index,80.545
2004Q3,gdp_deflator,79.324
2004Q3,nominal_gdp,12305307
2004Q3,pce_price_index,79.985
2004Q3,real_gdp,15512619
2004Q4,core_pce_price_index,80.982
2004Q4,gdp_deflator,79.939
2004Q4,nominal_gdp,12527214
2004Q4,pce_price_index,80.669
2004Q4,real_gdp,15670880
2005Q1,core_pce_price_index,81.558
2005Q1,gdp_deflator,80.578
2005Q1,nominal_gdp,12767286
2005Q1,pce_price_index,81.138
2005Q1,real_gdp,15844727
2005Q2,core_pce_price_index,81.962
2005Q2,gdp_deflator,81.158
2005Q2,nominal_gdp,12922656
2005Q2,pce_price_index,81.650
2005Q2,real_gdp,15922782
2005Q3,core_pce_price_index,82.281
2005Q3,gdp_deflator,81.898
2005Q3,nominal_gdp,13142642
2005Q3,pce_price_index,82.532
2005Q3,real_gdp,16047587
2005Q4,core_pce_price_index,82.831
2005Q4,gdp_deflator,82.571
2005Q4,nominal_gdp,13324204
2005Q4,pce_price_index,83.189
2005Q4,real_gdp,16136734
2006Q1,core_pce_price_index,83.311
2006Q1,gdp_deflator,83.156
2006Q1,nominal_gdp,13599160
2006Q1,pce_price_index,83.621
2006Q1,real_gdp,16353835
2006Q2,core_pce_price_index,83.975
2006Q2,gdp_deflator,83.882
2006Q2,nominal_gdp,13753424
2006Q2,pce_price_index,84.355
2006Q2,real_gdp,16396151
2006Q3,core_pce_price_index,84.427
2006Q3,gdp_deflator,84.468
2006Q3,nominal_gdp,13870188
2006Q3,pce_price_index,84.962
2006Q3,real_gdp,16420738
2006Q4,core_pce_price_index,84.791
2006Q4,gdp_deflator,84.770
2006Q4,nominal_gdp,14039560
2006Q4,pce_price_index,84.822
2006Q4,real_gdp,16561866
2007Q1,core_pce_price_index,85.376
2007Q1,gdp_deflator,85.576
2007Q1,nominal_gdp,14215651
2007Q1,pce_price_index,85.597
2007Q1,real_gdp,16611690
2007Q2,core_pce_price_index,85.731
2007Q2,gdp_deflator,86.171
2007Q2,nominal_gdp,14402082
2007Q2,pce_price_index,86.324
2007Q2,real_gdp,16713314
2007Q3,core_pce_price_index,86.152
2007Q3,gdp_deflator,86.642
2007Q3,nominal_gdp,14564117
2007Q3,pce_price_index,86.812
2007Q3,real_gdp,16809587
2007Q4,core_pce_price_index,86.747
2007Q4,gdp_deflator,86.993
2007Q4,nominal_gdp,14715058
2007Q4,pce_price_index,87.694
2007Q4,real_gdp,16915191
2008Q1,core_pce_price_index,87.207
2008Q1,gdp_deflator,87.315
2008Q1,nominal_gdp,14706538
2008Q1,pce_price_index,88.408
2008Q1,real_gdp,16843003
2008Q2,core_pce_price_index,87.573
2008Q2,gdp_deflator,87.738
2008Q2,nominal_gdp,14865701
2008Q2,pce_price_index,89.269
2008Q2,real_gdp,16943291
2008Q3,core_pce_price_index,88.020
2008Q3,gdp_deflator,88.399
2008Q3,nominal_gdp,14898999
2008Q3,pce_price_index,90.221
2008Q3,real_gdp,16854295
2008Q4,core_pce_price_index,87.950
2008Q4,gdp_deflator,88.613
2008Q4,nominal_gdp,14608209
2008Q4,pce_price_index,88.781
2008Q4,real_gdp,16485350
2009Q1,core_pce_price_index,87.950
2009Q1,gdp_deflator,88.543
2009Q1,nominal_gdp,14430902
2009Q1,pce_price_index,88.181
2009Q1,real_gdp,16298262
2009Q2,core_pce_price_index,88.294
2009Q2,gdp_deflator,88.396
2009Q2,nominal_gdp,14381236
2009Q2,pce_price_index,88.532
2009Q2,real_gdp,16269145
2009Q3,core_pce_price_index,88.607
2009Q3,gdp_deflator,88.501
2009Q3,nominal_gdp,14448882
2009Q3,pce_price_index,89.142
2009Q3,real_gdp,16326281
2009Q4,core_pce_price_index,89.159
2009Q4,gdp_deflator,88.781
2009Q4,nominal_gdp,14651249
2009Q4,pce_price_index,89.830
2009Q4,real_gdp,16502754
2010Q1,core_pce_price_index,89.464
2010Q1,gdp_deflator,89.036
2010Q1,nominal_gdp,14764610
2010Q1,pce_price_index,90.177
2010Q1,real_gdp,16582710
2010Q2,core_pce_price_index,89.706
2010Q2,gdp_deflator,89.471
2010Q2,nominal_gdp,14980193
2010Q2,pce_price_index,90.317
2010Q2,real_gdp,16743162
2010Q3,core_pce_price_index,89.843
2010Q3,gdp_deflator,89.743
2010Q3,nominal_gdp,15141607
2010Q3,pce_price_index,90.490
2010Q3,real_gdp,16872266
2010Q4,core_pce_price_index,90.127
2010Q4,gdp_deflator,90.264
2010Q4,nominal_gdp,15309474
2010Q4,pce_price_index,91.070
2010Q4,real_gdp,16960864
2011Q1,core_pce_price_index,90.523
2011Q1,gdp_deflator,90.726
2011Q1,nominal_gdp,15351448
2011Q1,pce_price_index,91.835
2011Q1,real_gdp,16920632
2011Q2,core_pce_price_index,91.053
2011Q2,gdp_deflator,91.326
2011Q2,nominal_gdp,15557539
2011Q2,pce_price_index,92.738
2011Q2,real_gdp,17035114
2011Q3,core_pce_price_index,91.468
2011Q3,gdp_deflator,91.876
2011Q3,nominal_gdp,15647680
2011Q3,pce_price_index,93.167
2011Q3,real_gdp,17031313
2011Q4,core_pce_price_index,91.794
2011Q4,gdp_deflator,91.985
2011Q4,nominal_gdp,15842259
2011Q4,pce_price_index,93.475
2011Q4,real_gdp,17222583
2012Q1,core_pce_price_index,92.373
2012Q1,gdp_deflator,92.525
2012Q1,nominal_gdp,16068805
2012Q1,pce_price_index,94.094
2012Q1,real_gdp,17367010
2012Q2,core_pce_price_index,92.755
2012Q2,gdp_deflator,92.907
2012Q2,nominal_gdp,16207115
2012Q2,pce_price_index,94.321
2012Q2,real_gdp,17444525
2012Q3,core_pce_price_index,93.023
2012Q3,gdp_deflator,93.417
2012Q3,nominal_gdp,16319541
2012Q3,pce_price_index,94.595
2012Q3,real_gdp,17469650
2012Q4,core_pce_price_index,93.435
2012Q4,gdp_deflator,93.885
2012Q4,nominal_gdp,16420419
2012Q4,pce_price_index,95.126
2012Q4,real_gdp,17489852
2013Q1,core_pce_price_index,93.799
2013Q1,gdp_deflator,94.258
2013Q1,nominal_gdp,16648189
2013Q1,pce_price_index,95.459
2013Q1,real_gdp,17662400
2013Q2,core_pce_price_index,94.064
2013Q2,gdp_deflator,94.461
2013Q2,nominal_gdp,16728687
2013Q2,pce_price_index,95.508
2013Q2,real_gdp,17709671
2013Q3,core_pce_price_index,94.434
2013Q3,gdp_deflator,94.924
2013Q3,nominal_gdp,16953838
2013Q3,pce_price_index,95.901
2013Q3,real_gdp,17860450
2013Q4,core_pce_price_index,94.842
2013Q4,gdp_deflator,95.426
2013Q4,nominal_gdp,17192019
2013Q4,pce_price_index,96.254
2013Q4,real_gdp,18016147
2014Q1,core_pce_price_index,95.141
2014Q1,gdp_deflator,95.788
2014Q1,nominal_gdp,17197738
2014Q1,pce_price_index,96.696
2014Q1,real_gdp,17953974
2014Q2,core_pce_price_index,95.557
2014Q2,gdp_deflator,96.330
2014Q2,nominal_gdp,17518508
2014Q2,pce_price_index,97.129
2014Q2,real_gdp,18185911
2014Q3,core_pce_price_index,95.915
2014Q3,gdp_deflator,96.726
2014Q3,nominal_gdp,17804228
2014Q3,pce_price_index,97.394
2014Q3,real_gdp,18406941
2014Q4,core_pce_price_index,96.175
2014Q4,gdp_deflator,96.822
2014Q4,nominal_gdp,17912079
2014Q4,pce_price_index,97.265
2014Q4,real_gdp,18500031
2015Q1,core_pce_price_index,96.336
2015Q1,gdp_deflator,96.769
2015Q1,nominal_gdp,18063529
2015Q1,pce_price_index,96.829
2015Q1,real_gdp,18666621
2015Q2,core_pce_price_index,96.765
2015Q2,gdp_deflator,97.325
2015Q2,nominal_gdp,18279784
2015Q2,pce_price_index,97.312
2015Q2,real_gdp,18782243
2015Q3,core_pce_price_index,97.077
2015Q3,gdp_deflator,97.583
2015Q3,nominal_gdp,18401626
2015Q3,pce_price_index,97.565
2015Q3,real_gdp,18857418
2015Q4,core_pce_price_index,97.319
2015Q4,gdp_deflator,97.581
2015Q4,nominal_gdp,18435137
2015Q4,pce_price_index,97.490
2015Q4,real_gdp,18892206
2016Q1,core_pce_price_index,97.726
2016Q1,gdp_deflator,97.496
2016Q1,nominal_gdp,18525933
2016Q1,pce_price_index,97.538
2016Q1,real_gdp,19001690
2016Q2,core_pce_price_index,98.262
2016Q2,gdp_deflator,98.159
2016Q2,nominal_gdp,18711702
2016Q2,pce_price_index,98.157
2016Q2,real_gdp,19062709
2016Q3,core_pce_price_index,98.689
2016Q3,gdp_deflator,98.410
2016Q3,nominal_gdp,18892639
2016Q3,pce_price_index,98.496
2016Q3,real_gdp,19197938
2016Q4,core_pce_price_index,99.028
2016Q4,gdp_deflator,98.886
2016Q4,nominal_gdp,19089379
2016Q4,pce_price_index,98.947
2016Q4,real_gdp,19304352
2017Q1,core_pce_price_index,99.488
2017Q1,gdp_deflator,99.390
2017Q1,nominal_gdp,19280084
2017Q1,pce_price_index,99.524
2017Q1,real_gdp,19398343
2017Q2,core_pce_price_index,99.821
2017Q2,gdp_deflator,99.650
2017Q2,nominal_gdp,19438643
2017Q2,pce_price_index,99.724
2017Q2,real_gdp,19506949
2017Q3,core_pce_price_index,100.123
2017Q3,gdp_deflator,100.162
2017Q3,nominal_gdp,19692595
2017Q3,pce_price_index,100.076
2017Q3,real_gdp,19660766
2017Q4,core_pce_price_index,100.568
2017Q4,gdp_deflator,100.778
2017Q4,nominal_gdp,20037088
2017Q4,pce_price_index,100.676
2017Q4,real_gdp,19882352
2018Q1,core_pce_price_index,101.208
2018Q1,gdp_deflator,101.419
2018Q1,nominal_gdp,20328553
2018Q1,pce_price_index,101.380
2018Q1,real_gdp,20044077
2018Q2,core_pce_price_index,101.751
2018Q2,gdp_deflator,102.136
2018Q2,nominal_gdp,20580912
2018Q2,pce_price_index,101.912
2018Q2,real_gdp,20150476
2018Q3,core_pce_price_index,102.076
2018Q3,gdp_deflator,102.577
2018Q3,nominal_gdp,20798730
2018Q3,pce_price_index,102.254
2018Q3,real_gdp,20276154
2018Q4,core_pce_price_index,102.552
2018Q4,gdp_deflator,103.019
2018Q4,nominal_gdp,20917867
2018Q4,pce_price_index,102.642
2018Q4,real_gdp,20304874
2019Q1,core_pce_price_index,102.964
2019Q1,gdp_deflator,103.328
2019Q1,nominal_gdp,21111600
2019Q1,pce_price_index,102.851
2019Q1,real_gdp,20431641
2019Q2,core_pce_price_index,103.398
2019Q2,gdp_deflator,103.862
2019Q2,nominal_gdp,21397938
2019Q2,pce_price_index,103.426
2019Q2,real_gdp,20602275
2019Q3,core_pce_price_index,103.783
2019Q3,gdp_deflator,104.192
2019Q3,nominal_gdp,21717171
2019Q3,pce_price_index,103.675
2019Q3,real_gdp,20843322
2019Q4,core_pce_price_index,104.147
2019Q4,gdp_deflator,104.516
2019Q4,nominal_gdp,21933217
2019Q4,pce_price_index,104.083
2019Q4,real_gdp,20985448
2020Q1,core_pce_price_index,104.617
2020Q1,gdp_deflator,105.032
2020Q1,nominal_gdp,21751238
2020Q1,pce_price_index,104.445
2020Q1,real_gdp,20709212
2020Q2,core_pce_price_index,104.420
2020Q2,gdp_deflator,104.614
2020Q2,nominal_gdp,19958291
2020Q2,pce_price_index,104.017
2020Q2,real_gdp,19077992
2020Q3,core_pce_price_index,105.197
2020Q3,gdp_deflator,105.572
2020Q3,nominal_gdp,21704437
2020Q3,pce_price_index,104.835
2020Q3,real_gdp,20558879
2020Q4,core_pce_price_index,105.669
2020Q4,gdp_deflator,106.230
2020Q4,nominal_gdp,22087160
2020Q4,pce_price_index,105.369
2020Q4,real_gdp,20791917
2021Q1,core_pce_price_index,106.572
2021Q1,gdp_deflator,107.583
2021Q1,nominal_gdp,22680693
2021Q1,pce_price_index,106.567
2021Q1,real_gdp,21082134
2021Q2,core_pce_price_index,108.087
2021Q2,gdp_deflator,109.258
2021Q2,nominal_gdp,23425910
2021Q2,pce_price_index,108.184
2021Q2,real_gdp,21440929
2021Q3,core_pce_price_index,109.369
2021Q3,gdp_deflator,110.938
2021Q3,nominal_gdp,23982379
2021Q3,pce_price_index,109.655
2021Q3,real_gdp,21617828
2021Q4,core_pce_price_index,110.792
2021Q4,gdp_deflator,112.847
2021Q4,nominal_gdp,24813600
2021Q4,pce_price_index,111.484
2021Q4,real_gdp,21988737
2022Q1,core_pce_price_index,112.453
2022Q1,gdp_deflator,115.126
2022Q1,nominal_gdp,25250347
2022Q1,pce_price_index,113.582
2022Q1,real_gdp,21932710
2022Q2,core_pce_price_index,113.795
2022Q2,gdp_deflator,117.728
2022Q2,nominal_gdp,25861292
2022Q2,pce_price_index,115.658
2022Q2,real_gdp,21967045
2022Q3,core_pce_price_index,115.231
2022Q3,gdp_deflator,119.031
2022Q3,nominal_gdp,26336304
2022Q3,pce_price_index,116.986
2022Q3,real_gdp,22125625
2022Q4,core_pce_price_index,116.565
2022Q4,gdp_deflator,120.164
2022Q4,nominal_gdp,26770514
2022Q4,pce_price_index,118.176
2022Q4,real_gdp,22278345
2023Q1,core_pce_price_index,117.917
2023Q1,gdp_deflator,121.288
2023Q1,nominal_gdp,27216445
2023Q1,pce_price_index,119.308
2023Q1,real_gdp,22439607
2023Q2,core_pce_price_index,119.069
2023Q2,gdp_deflator,121.920
2023Q2,nominal_gdp,27530055
2023Q2,pce_price_index,120.190
2023Q2,real_gdp,22580499
2023Q3,core_pce_price_index,119.768
2023Q3,gdp_deflator,122.914
2023Q3,nominal_gdp,28074846
2023Q3,pce_price_index,120.999
2023Q3,real_gdp,22840989
2023Q4,core_pce_price_index,120.403
2023Q4,gdp_deflator,123.405
2023Q4,nominal_gdp,28424722
2023Q4,pce_price_index,121.546
2023Q4,real_gdp,23033780
2024Q1,core_pce_price_index,121.588
2024Q1,gdp_deflator,124.374
2024Q1,nominal_gdp,28708161
2024Q1,pce_price_index,122.622
2024Q1,real_gdp,23082119
2024Q2,core_pce_price_index,122.454
2024Q2,gdp_deflator,125.167
2024Q2,nominal_gdp,29147044
2024Q2,pce_price_index,123.409
2024Q2,real_gdp,23286508
2024Q3,core_pce_price_index,123.168
2024Q3,gdp_deflator,125.696
2024Q3,nominal_gdp,29511664
2024Q3,pce_price_index,123.930
2024Q3,real_gdp,23478570
2024Q4,core_pce_price_index,123.997
2024Q4,gdp_deflator,126.450
2024Q4,nominal_gdp,29825182
2024Q4,pce_price_index,124.703
2024Q4,real_gdp,23586542
2025Q1,core_pce_price_index,125.000
2025Q1,gdp_deflator,127.577
2025Q1,nominal_gdp,30042113
2025Q1,pce_price_index,125.759
2025Q1,real_gdp,23548210
2025Q2,core_pce_price_index,125.804
2025Q2,gdp_deflator,128.248
2025Q2,nominal_gdp,30485729
2025Q2,pce_price_index,126.424
2025Q2,real_gdp,23770976
2025Q3,core_pce_price_index,126.699
2025Q3,gdp_deflator,129.430
2025Q3,nominal_gdp,31098027
2025Q3,pce_price_index,127.293
2025Q3,real_gdp,24026834
2025Q4,core_pce_price_index,127.533
2025Q4,gdp_deflator,130.624
2025Q4,nominal_gdp,31422526
2025Q4,pce_price_index,128.200
2025Q4,real_gdp,24055749
2026Q1,core_pce_price_index,128.920
2026Q1,gdp_deflator,131.783
2026Q1,nominal_gdp,31865721
2026Q1,pce_price_index,129.655
2026Q1,real_gdp,24180419
2026Q2,core_pce_price_index,130.007
2026Q2,gdp_deflator,133.805
2026Q2,nominal_gdp,32475210
2026Q2,pce_price_index,131.286
2026Q2,real_gdp,24270599
