month,series_id,published_value,latest,footnote_codes
2000-01,CES0000000001,131011,false,none
2000-01,LNS14000000,4.0,false,none
2000-02,CES0000000001,131120,false,none
2000-02,LNS14000000,4.1,false,none
2000-03,CES0000000001,131604,false,none
2000-03,LNS14000000,4.0,false,none
2000-04,CES0000000001,131884,false,none
2000-04,LNS14000000,3.8,false,none
2000-05,CES0000000001,132105,false,none
2000-05,LNS14000000,4.0,false,none
2000-06,CES0000000001,132063,false,none
2000-06,LNS14000000,4.0,false,none
2000-07,CES0000000001,132228,false,none
2000-07,LNS14000000,4.0,false,none
2000-08,CES0000000001,132234,false,none
2000-08,LNS14000000,4.1,false,none
2000-09,CES0000000001,132337,false,none
2000-09,LNS14000000,3.9,false,none
2000-10,CES0000000001,132352,false,none
2000-10,LNS14000000,3.9,false,none
2000-11,CES0000000001,132556,false,none
2000-11,LNS14000000,3.9,false,none
2000-12,CES0000000001,132716,false,none
2000-12,LNS14000000,3.9,false,none
2001-01,CES0000000001,132703,false,none
2001-01,LNS14000000,4.2,false,none
2001-02,CES0000000001,132788,false,none
2001-02,LNS14000000,4.2,false,none
2001-03,CES0000000001,132751,false,none
2001-03,LNS14000000,4.3,false,none
2001-04,CES0000000001,132458,false,none
2001-04,LNS14000000,4.4,false,none
2001-05,CES0000000001,132408,false,none
2001-05,LNS14000000,4.3,false,none
2001-06,CES0000000001,132300,false,none
2001-06,LNS14000000,4.5,false,none
2001-07,CES0000000001,132172,false,none
2001-07,LNS14000000,4.6,false,none
2001-08,CES0000000001,132021,false,none
2001-08,LNS14000000,4.9,false,none
2001-09,CES0000000001,131763,false,none
2001-09,LNS14000000,5.0,false,none
2001-10,CES0000000001,131452,false,none
2001-10,LNS14000000,5.3,false,none
2001-11,CES0000000001,131144,false,none
2001-11,LNS14000000,5.5,false,none
2001-12,CES0000000001,130983,false,none
2001-12,LNS14000000,5.7,false,none
2002-01,CES0000000001,130859,false,none
2002-01,LNS14000000,5.7,false,none
2002-02,CES0000000001,130737,false,none
2002-02,LNS14000000,5.7,false,none
2002-03,CES0000000001,130722,false,none
2002-03,LNS14000000,5.7,false,none
2002-04,CES0000000001,130616,false,none
2002-04,LNS14000000,5.9,false,none
2002-05,CES0000000001,130632,false,none
2002-05,LNS14000000,5.8,false,none
2002-06,CES0000000001,130674,false,none
2002-06,LNS14000000,5.8,false,none
2002-07,CES0000000001,130584,false,none
2002-07,LNS14000000,5.8,false,none
2002-08,CES0000000001,130581,false,none
2002-08,LNS14000000,5.7,false,none
2002-09,CES0000000001,130502,false,none
2002-09,LNS14000000,5.7,false,none
2002-10,CES0000000001,130617,false,none
2002-10,LNS14000000,5.7,false,none
2002-11,CES0000000001,130616,false,none
2002-11,LNS14000000,5.9,false,none
2002-12,CES0000000001,130465,false,none
2002-12,LNS14000000,6.0,false,none
2003-01,CES0000000001,130573,false,none
2003-01,LNS14000000,5.8,false,none
2003-02,CES0000000001,130441,false,none
2003-02,LNS14000000,5.9,false,none
2003-03,CES0000000001,130235,false,none
2003-03,LNS14000000,5.9,false,none
2003-04,CES0000000001,130173,false,none
2003-04,LNS14000000,6.0,false,none
2003-05,CES0000000001,130197,false,none
2003-05,LNS14000000,6.1,false,none
2003-06,CES0000000001,130186,false,none
2003-06,LNS14000000,6.3,false,none
2003-07,CES0000000001,130184,false,none
2003-07,LNS14000000,6.2,false,none
2003-08,CES0000000001,130153,false,none
2003-08,LNS14000000,6.1,false,none
2003-09,CES0000000001,130252,false,none
2003-09,LNS14000000,6.1,false,none
2003-10,CES0000000001,130439,false,none
2003-10,LNS14000000,6.0,false,none
2003-11,CES0000000001,130480,false,none
2003-11,LNS14000000,5.8,false,none
2003-12,CES0000000001,130589,false,none
2003-12,LNS14000000,5.7,false,none
2004-01,CES0000000001,130756,false,none
2004-01,LNS14000000,5.7,false,none
2004-02,CES0000000001,130821,false,none
2004-02,LNS14000000,5.6,false,none
2004-03,CES0000000001,131140,false,none
2004-03,LNS14000000,5.8,false,none
2004-04,CES0000000001,131412,false,none
2004-04,LNS14000000,5.6,false,none
2004-05,CES0000000001,131697,false,none
2004-05,LNS14000000,5.6,false,none
2004-06,CES0000000001,131794,false,none
2004-06,LNS14000000,5.6,false,none
2004-07,CES0000000001,131854,false,none
2004-07,LNS14000000,5.5,false,none
2004-08,CES0000000001,131939,false,none
2004-08,LNS14000000,5.4,false,none
2004-09,CES0000000001,132089,false,none
2004-09,LNS14000000,5.4,false,none
2004-10,CES0000000001,132429,false,none
2004-10,LNS14000000,5.5,false,none
2004-11,CES0000000001,132503,false,none
2004-11,LNS14000000,5.4,false,none
2004-12,CES0000000001,132630,false,none
2004-12,LNS14000000,5.4,false,none
2005-01,CES0000000001,132781,false,none
2005-01,LNS14000000,5.3,false,none
2005-02,CES0000000001,133034,false,none
2005-02,LNS14000000,5.4,false,none
2005-03,CES0000000001,133154,false,none
2005-03,LNS14000000,5.2,false,none
2005-04,CES0000000001,133520,false,none
2005-04,LNS14000000,5.2,false,none
2005-05,CES0000000001,133689,false,none
2005-05,LNS14000000,5.1,false,none
2005-06,CES0000000001,133948,false,none
2005-06,LNS14000000,5.0,false,none
2005-07,CES0000000001,134300,false,none
2005-07,LNS14000000,5.0,false,none
2005-08,CES0000000001,134502,false,none
2005-08,LNS14000000,4.9,false,none
2005-09,CES0000000001,134552,false,none
2005-09,LNS14000000,5.0,false,none
2005-10,CES0000000001,134641,false,none
2005-10,LNS14000000,5.0,false,none
2005-11,CES0000000001,134997,false,none
2005-11,LNS14000000,5.0,false,none
2005-12,CES0000000001,135159,false,none
2005-12,LNS14000000,4.9,false,none
2006-01,CES0000000001,135427,false,none
2006-01,LNS14000000,4.7,false,none
2006-02,CES0000000001,135733,false,none
2006-02,LNS14000000,4.8,false,none
2006-03,CES0000000001,136038,false,none
2006-03,LNS14000000,4.7,false,none
2006-04,CES0000000001,136210,false,none
2006-04,LNS14000000,4.7,false,none
2006-05,CES0000000001,136249,false,none
2006-05,LNS14000000,4.6,false,none
2006-06,CES0000000001,136337,false,none
2006-06,LNS14000000,4.6,false,none
2006-07,CES0000000001,136529,false,none
2006-07,LNS14000000,4.7,false,none
2006-08,CES0000000001,136692,false,none
2006-08,LNS14000000,4.7,false,none
2006-09,CES0000000001,136826,false,none
2006-09,LNS14000000,4.5,false,none
2006-10,CES0000000001,136843,false,none
2006-10,LNS14000000,4.4,false,none
2006-11,CES0000000001,137060,false,none
2006-11,LNS14000000,4.5,false,none
2006-12,CES0000000001,137249,false,none
2006-12,LNS14000000,4.4,false,none
2007-01,CES0000000001,137472,false,none
2007-01,LNS14000000,4.6,false,none
2007-02,CES0000000001,137560,false,none
2007-02,LNS14000000,4.5,false,none
2007-03,CES0000000001,137784,false,none
2007-03,LNS14000000,4.4,false,none
2007-04,CES0000000001,137847,false,none
2007-04,LNS14000000,4.5,false,none
2007-05,CES0000000001,137992,false,none
2007-05,LNS14000000,4.4,false,none
2007-06,CES0000000001,138070,false,none
2007-06,LNS14000000,4.6,false,none
2007-07,CES0000000001,138044,false,none
2007-07,LNS14000000,4.7,false,none
2007-08,CES0000000001,138013,false,none
2007-08,LNS14000000,4.6,false,none
2007-09,CES0000000001,138099,false,none
2007-09,LNS14000000,4.7,false,none
2007-10,CES0000000001,138175,false,none
2007-10,LNS14000000,4.7,false,none
2007-11,CES0000000001,138290,false,none
2007-11,LNS14000000,4.7,false,none
2007-12,CES0000000001,138395,false,none
2007-12,LNS14000000,5.0,false,none
2008-01,CES0000000001,138391,false,none
2008-01,LNS14000000,5.0,false,none
2008-02,CES0000000001,138329,false,none
2008-02,LNS14000000,4.9,false,none
2008-03,CES0000000001,138259,false,none
2008-03,LNS14000000,5.1,false,none
2008-04,CES0000000001,138040,false,none
2008-04,LNS14000000,5.0,false,none
2008-05,CES0000000001,137851,false,none
2008-05,LNS14000000,5.4,false,none
2008-06,CES0000000001,137700,false,none
2008-06,LNS14000000,5.6,false,none
2008-07,CES0000000001,137497,false,none
2008-07,LNS14000000,5.8,false,none
2008-08,CES0000000001,137211,false,none
2008-08,LNS14000000,6.1,false,none
2008-09,CES0000000001,136760,false,none
2008-09,LNS14000000,6.1,false,none
2008-10,CES0000000001,136291,false,none
2008-10,LNS14000000,6.5,false,none
2008-11,CES0000000001,135541,false,none
2008-11,LNS14000000,6.8,false,none
2008-12,CES0000000001,134847,false,none
2008-12,LNS14000000,7.3,false,none
2009-01,CES0000000001,134079,false,none
2009-01,LNS14000000,7.8,false,none
2009-02,CES0000000001,133318,false,none
2009-02,LNS14000000,8.3,false,none
2009-03,CES0000000001,132494,false,none
2009-03,LNS14000000,8.7,false,none
2009-04,CES0000000001,131822,false,none
2009-04,LNS14000000,9.0,false,none
2009-05,CES0000000001,131466,false,none
2009-05,LNS14000000,9.4,false,none
2009-06,CES0000000001,131008,false,none
2009-06,LNS14000000,9.5,false,none
2009-07,CES0000000001,130662,false,none
2009-07,LNS14000000,9.5,false,none
2009-08,CES0000000001,130472,false,none
2009-08,LNS14000000,9.6,false,none
2009-09,CES0000000001,130246,false,none
2009-09,LNS14000000,9.8,false,none
2009-10,CES0000000001,130061,false,none
2009-10,LNS14000000,10.0,false,none
2009-11,CES0000000001,130057,false,none
2009-11,LNS14000000,9.9,false,none
2009-12,CES0000000001,129808,false,none
2009-12,LNS14000000,9.9,false,none
2010-01,CES0000000001,129802,false,none
2010-01,LNS14000000,9.8,false,none
2010-02,CES0000000001,129706,false,none
2010-02,LNS14000000,9.8,false,none
2010-03,CES0000000001,129866,false,none
2010-03,LNS14000000,9.9,false,none
2010-04,CES0000000001,130120,false,none
2010-04,LNS14000000,9.9,false,none
2010-05,CES0000000001,130642,false,none
2010-05,LNS14000000,9.6,false,none
2010-06,CES0000000001,130510,false,none
2010-06,LNS14000000,9.4,false,none
2010-07,CES0000000001,130415,false,none
2010-07,LNS14000000,9.4,false,none
2010-08,CES0000000001,130415,false,none
2010-08,LNS14000000,9.5,false,none
2010-09,CES0000000001,130341,false,none
2010-09,LNS14000000,9.5,false,none
2010-10,CES0000000001,130620,false,none
2010-10,LNS14000000,9.4,false,none
2010-11,CES0000000001,130749,false,none
2010-11,LNS14000000,9.8,false,none
2010-12,CES0000000001,130830,false,none
2010-12,LNS14000000,9.3,false,none
2011-01,CES0000000001,130837,false,none
2011-01,LNS14000000,9.1,false,none
2011-02,CES0000000001,131057,false,none
2011-02,LNS14000000,9.0,false,none
2011-03,CES0000000001,131283,false,none
2011-03,LNS14000000,9.0,false,none
2011-04,CES0000000001,131597,false,none
2011-04,LNS14000000,9.1,false,none
2011-05,CES0000000001,131703,false,none
2011-05,LNS14000000,9.0,false,none
2011-06,CES0000000001,131931,false,none
2011-06,LNS14000000,9.1,false,none
2011-07,CES0000000001,131992,false,none
2011-07,LNS14000000,9.0,false,none
2011-08,CES0000000001,132125,false,none
2011-08,LNS14000000,9.0,false,none
2011-09,CES0000000001,132344,false,none
2011-09,LNS14000000,9.0,false,none
2011-10,CES0000000001,132553,false,none
2011-10,LNS14000000,8.8,false,none
2011-11,CES0000000001,132690,false,none
2011-11,LNS14000000,8.6,false,none
2011-12,CES0000000001,132888,false,none
2011-12,LNS14000000,8.5,false,none
2012-01,CES0000000001,133246,false,none
2012-01,LNS14000000,8.3,false,none
2012-02,CES0000000001,133509,false,none
2012-02,LNS14000000,8.3,false,none
2012-03,CES0000000001,133748,false,none
2012-03,LNS14000000,8.2,false,none
2012-04,CES0000000001,133825,false,none
2012-04,LNS14000000,8.2,false,none
2012-05,CES0000000001,133932,false,none
2012-05,LNS14000000,8.2,false,none
2012-06,CES0000000001,134013,false,none
2012-06,LNS14000000,8.2,false,none
2012-07,CES0000000001,134157,false,none
2012-07,LNS14000000,8.2,false,none
2012-08,CES0000000001,134339,false,none
2012-08,LNS14000000,8.1,false,none
2012-09,CES0000000001,134517,false,none
2012-09,LNS14000000,7.8,false,none
2012-10,CES0000000001,134669,false,none
2012-10,LNS14000000,7.8,false,none
2012-11,CES0000000001,134825,false,none
2012-11,LNS14000000,7.7,false,none
2012-12,CES0000000001,135074,false,none
2012-12,LNS14000000,7.9,false,none
2013-01,CES0000000001,135257,false,none
2013-01,LNS14000000,8.0,false,none
2013-02,CES0000000001,135546,false,none
2013-02,LNS14000000,7.7,false,none
2013-03,CES0000000001,135689,false,none
2013-03,LNS14000000,7.5,false,none
2013-04,CES0000000001,135873,false,none
2013-04,LNS14000000,7.6,false,none
2013-05,CES0000000001,136096,false,none
2013-05,LNS14000000,7.5,false,none
2013-06,CES0000000001,136279,false,none
2013-06,LNS14000000,7.5,false,none
2013-07,CES0000000001,136391,false,none
2013-07,LNS14000000,7.3,false,none
2013-08,CES0000000001,136646,false,none
2013-08,LNS14000000,7.2,false,none
2013-09,CES0000000001,136821,false,none
2013-09,LNS14000000,7.2,false,none
2013-10,CES0000000001,137041,false,none
2013-10,LNS14000000,7.2,false,none
2013-11,CES0000000001,137317,false,none
2013-11,LNS14000000,6.9,false,none
2013-12,CES0000000001,137372,false,none
2013-12,LNS14000000,6.7,false,none
2014-01,CES0000000001,137561,false,none
2014-01,LNS14000000,6.6,false,none
2014-02,CES0000000001,137712,false,none
2014-02,LNS14000000,6.7,false,none
2014-03,CES0000000001,137985,false,none
2014-03,LNS14000000,6.7,false,none
2014-04,CES0000000001,138298,false,none
2014-04,LNS14000000,6.2,false,none
2014-05,CES0000000001,138513,false,none
2014-05,LNS14000000,6.3,false,none
2014-06,CES0000000001,138849,false,none
2014-06,LNS14000000,6.1,false,none
2014-07,CES0000000001,139072,false,none
2014-07,LNS14000000,6.2,false,none
2014-08,CES0000000001,139269,false,none
2014-08,LNS14000000,6.1,false,none
2014-09,CES0000000001,139563,false,none
2014-09,LNS14000000,5.9,false,none
2014-10,CES0000000001,139798,false,none
2014-10,LNS14000000,5.7,false,none
2014-11,CES0000000001,140089,false,none
2014-11,LNS14000000,5.8,false,none
2014-12,CES0000000001,140364,false,none
2014-12,LNS14000000,5.6,false,none
2015-01,CES0000000001,140568,false,none
2015-01,LNS14000000,5.7,false,none
2015-02,CES0000000001,140827,false,none
2015-02,LNS14000000,5.5,false,none
2015-03,CES0000000001,140923,false,none
2015-03,LNS14000000,5.4,false,none
2015-04,CES0000000001,141196,false,none
2015-04,LNS14000000,5.4,false,none
2015-05,CES0000000001,141538,false,none
2015-05,LNS14000000,5.6,false,none
2015-06,CES0000000001,141709,false,none
2015-06,LNS14000000,5.3,false,none
2015-07,CES0000000001,141991,false,none
2015-07,LNS14000000,5.2,false,none
2015-08,CES0000000001,142125,false,none
2015-08,LNS14000000,5.1,false,none
2015-09,CES0000000001,142275,false,none
2015-09,LNS14000000,5.0,false,none
2015-10,CES0000000001,142579,false,none
2015-10,LNS14000000,5.0,false,none
2015-11,CES0000000001,142808,false,none
2015-11,LNS14000000,5.1,false,none
2015-12,CES0000000001,143077,false,none
2015-12,LNS14000000,5.0,false,none
2016-01,CES0000000001,143210,false,none
2016-01,LNS14000000,4.8,false,none
2016-02,CES0000000001,143406,false,none
2016-02,LNS14000000,4.9,false,none
2016-03,CES0000000001,143662,false,none
2016-03,LNS14000000,5.0,false,none
2016-04,CES0000000001,143854,false,none
2016-04,LNS14000000,5.1,false,none
2016-05,CES0000000001,143900,false,none
2016-05,LNS14000000,4.8,false,none
2016-06,CES0000000001,144147,false,none
2016-06,LNS14000000,4.9,false,none
2016-07,CES0000000001,144520,false,none
2016-07,LNS14000000,4.8,false,none
2016-08,CES0000000001,144661,false,none
2016-08,LNS14000000,4.9,false,none
2016-09,CES0000000001,144967,false,none
2016-09,LNS14000000,5.0,false,none
2016-10,CES0000000001,145065,false,none
2016-10,LNS14000000,4.9,false,none
2016-11,CES0000000001,145183,false,none
2016-11,LNS14000000,4.7,false,none
2016-12,CES0000000001,145408,false,none
2016-12,LNS14000000,4.7,false,none
2017-01,CES0000000001,145628,false,none
2017-01,LNS14000000,4.7,false,none
2017-02,CES0000000001,145846,false,none
2017-02,LNS14000000,4.6,false,none
2017-03,CES0000000001,145970,false,none
2017-03,LNS14000000,4.4,false,none
2017-04,CES0000000001,146175,false,none
2017-04,LNS14000000,4.4,false,none
2017-05,CES0000000001,146380,false,none
2017-05,LNS14000000,4.4,false,none
2017-06,CES0000000001,146583,false,none
2017-06,LNS14000000,4.3,false,none
2017-07,CES0000000001,146772,false,none
2017-07,LNS14000000,4.3,false,none
2017-08,CES0000000001,146919,false,none
2017-08,LNS14000000,4.4,false,none
2017-09,CES0000000001,147008,false,none
2017-09,LNS14000000,4.3,false,none
2017-10,CES0000000001,147149,false,none
2017-10,LNS14000000,4.2,false,none
2017-11,CES0000000001,147372,false,none
2017-11,LNS14000000,4.2,false,none
2017-12,CES0000000001,147523,false,none
2017-12,LNS14000000,4.1,false,none
2018-01,CES0000000001,147660,false,none
2018-01,LNS14000000,4.0,false,none
2018-02,CES0000000001,148054,false,none
2018-02,LNS14000000,4.1,false,none
2018-03,CES0000000001,148280,false,none
2018-03,LNS14000000,4.0,false,none
2018-04,CES0000000001,148420,false,none
2018-04,LNS14000000,4.0,false,none
2018-05,CES0000000001,148742,false,none
2018-05,LNS14000000,3.8,false,none
2018-06,CES0000000001,148960,false,none
2018-06,LNS14000000,4.0,false,none
2018-07,CES0000000001,149020,false,none
2018-07,LNS14000000,3.8,false,none
2018-08,CES0000000001,149277,false,none
2018-08,LNS14000000,3.8,false,none
2018-09,CES0000000001,149358,false,none
2018-09,LNS14000000,3.7,false,none
2018-10,CES0000000001,149527,false,none
2018-10,LNS14000000,3.8,false,none
2018-11,CES0000000001,149617,false,none
2018-11,LNS14000000,3.8,false,none
2018-12,CES0000000001,149809,false,none
2018-12,LNS14000000,3.9,false,none
2019-01,CES0000000001,150060,false,none
2019-01,LNS14000000,4.0,false,none
2019-02,CES0000000001,150067,false,none
2019-02,LNS14000000,3.8,false,none
2019-03,CES0000000001,150295,false,none
2019-03,LNS14000000,3.8,false,none
2019-04,CES0000000001,150591,false,none
2019-04,LNS14000000,3.7,false,none
2019-05,CES0000000001,150618,false,none
2019-05,LNS14000000,3.6,false,none
2019-06,CES0000000001,150838,false,none
2019-06,LNS14000000,3.6,false,none
2019-07,CES0000000001,150937,false,none
2019-07,LNS14000000,3.7,false,none
2019-08,CES0000000001,151169,false,none
2019-08,LNS14000000,3.6,false,none
2019-09,CES0000000001,151365,false,none
2019-09,LNS14000000,3.5,false,none
2019-10,CES0000000001,151460,false,none
2019-10,LNS14000000,3.6,false,none
2019-11,CES0000000001,151667,false,none
2019-11,LNS14000000,3.6,false,none
2019-12,CES0000000001,151794,false,none
2019-12,LNS14000000,3.6,false,none
2020-01,CES0000000001,152031,false,none
2020-01,LNS14000000,3.6,false,none
2020-02,CES0000000001,152293,false,none
2020-02,LNS14000000,3.5,false,none
2020-03,CES0000000001,150895,false,none
2020-03,LNS14000000,4.4,false,none
2020-04,CES0000000001,130426,false,none
2020-04,LNS14000000,14.8,false,none
2020-05,CES0000000001,133040,false,none
2020-05,LNS14000000,13.2,false,none
2020-06,CES0000000001,137671,false,none
2020-06,LNS14000000,11.0,false,none
2020-07,CES0000000001,139255,false,none
2020-07,LNS14000000,10.2,false,none
2020-08,CES0000000001,140821,false,none
2020-08,LNS14000000,8.4,false,none
2020-09,CES0000000001,141770,false,none
2020-09,LNS14000000,7.8,false,none
2020-10,CES0000000001,142460,false,none
2020-10,LNS14000000,6.9,false,none
2020-11,CES0000000001,142733,false,none
2020-11,LNS14000000,6.7,false,none
2020-12,CES0000000001,142548,false,none
2020-12,LNS14000000,6.7,false,none
2021-01,CES0000000001,142863,false,none
2021-01,LNS14000000,6.4,false,none
2021-02,CES0000000001,143380,false,none
2021-02,LNS14000000,6.2,false,none
2021-03,CES0000000001,144232,false,none
2021-03,LNS14000000,6.1,false,none
2021-04,CES0000000001,144587,false,none
2021-04,LNS14000000,6.1,false,none
2021-05,CES0000000001,145065,false,none
2021-05,LNS14000000,5.8,false,none
2021-06,CES0000000001,145820,false,none
2021-06,LNS14000000,5.9,false,none
2021-07,CES0000000001,146762,false,none
2021-07,LNS14000000,5.4,false,none
2021-08,CES0000000001,147314,false,none
2021-08,LNS14000000,5.1,false,none
2021-09,CES0000000001,147771,false,none
2021-09,LNS14000000,4.7,false,none
2021-10,CES0000000001,148572,false,none
2021-10,LNS14000000,4.5,false,none
2021-11,CES0000000001,149230,false,none
2021-11,LNS14000000,4.1,false,none
2021-12,CES0000000001,149816,false,none
2021-12,LNS14000000,3.9,false,none
2022-01,CES0000000001,150006,false,none
2022-01,LNS14000000,4.0,false,none
2022-02,CES0000000001,150825,false,none
2022-02,LNS14000000,3.9,false,none
2022-03,CES0000000001,151315,false,none
2022-03,LNS14000000,3.7,false,none
2022-04,CES0000000001,151623,false,none
2022-04,LNS14000000,3.7,false,none
2022-05,CES0000000001,151924,false,none
2022-05,LNS14000000,3.6,false,none
2022-06,CES0000000001,152358,false,none
2022-06,LNS14000000,3.6,false,none
2022-07,CES0000000001,153072,false,none
2022-07,LNS14000000,3.5,false,none
2022-08,CES0000000001,153362,false,none
2022-08,LNS14000000,3.6,false,none
2022-09,CES0000000001,153582,false,none
2022-09,LNS14000000,3.5,false,none
2022-10,CES0000000001,153939,false,none
2022-10,LNS14000000,3.6,false,none
2022-11,CES0000000001,154242,false,none
2022-11,LNS14000000,3.6,false,none
2022-12,CES0000000001,154342,false,none
2022-12,LNS14000000,3.5,false,none
2023-01,CES0000000001,154776,false,none
2023-01,LNS14000000,3.5,false,none
2023-02,CES0000000001,155066,false,none
2023-02,LNS14000000,3.6,false,none
2023-03,CES0000000001,155134,false,none
2023-03,LNS14000000,3.5,false,none
2023-04,CES0000000001,155375,false,none
2023-04,LNS14000000,3.4,false,none
2023-05,CES0000000001,155655,false,none
2023-05,LNS14000000,3.6,false,none
2023-06,CES0000000001,155880,false,none
2023-06,LNS14000000,3.6,false,none
2023-07,CES0000000001,156043,false,none
2023-07,LNS14000000,3.5,false,none
2023-08,CES0000000001,156261,false,none
2023-08,LNS14000000,3.7,false,none
2023-09,CES0000000001,156417,false,none
2023-09,LNS14000000,3.7,false,none
2023-10,CES0000000001,156576,false,none
2023-10,LNS14000000,3.9,false,none
2023-11,CES0000000001,156703,false,none
2023-11,LNS14000000,3.7,false,none
2023-12,CES0000000001,156857,false,none
2023-12,LNS14000000,3.8,false,none
2024-01,CES0000000001,157032,false,none
2024-01,LNS14000000,3.7,false,none
2024-02,CES0000000001,157238,false,none
2024-02,LNS14000000,3.9,false,none
2024-03,CES0000000001,157466,false,none
2024-03,LNS14000000,3.9,false,none
2024-04,CES0000000001,157530,false,none
2024-04,LNS14000000,3.9,false,none
2024-05,CES0000000001,157608,false,none
2024-05,LNS14000000,3.9,false,none
2024-06,CES0000000001,157695,false,none
2024-06,LNS14000000,4.1,false,none
2024-07,CES0000000001,157748,false,none
2024-07,LNS14000000,4.2,false,none
2024-08,CES0000000001,157757,false,none
2024-08,LNS14000000,4.2,false,none
2024-09,CES0000000001,157912,false,none
2024-09,LNS14000000,4.1,false,none
2024-10,CES0000000001,157945,false,none
2024-10,LNS14000000,4.1,false,none
2024-11,CES0000000001,158079,false,none
2024-11,LNS14000000,4.2,false,none
2024-12,CES0000000001,158316,false,none
2024-12,LNS14000000,4.1,false,none
2025-01,CES0000000001,158268,false,none
2025-01,LNS14000000,4.0,false,none
2025-02,CES0000000001,158310,false,none
2025-02,LNS14000000,4.2,false,none
2025-03,CES0000000001,158377,false,none
2025-03,LNS14000000,4.2,false,none
2025-04,CES0000000001,158485,false,none
2025-04,LNS14000000,4.2,false,none
2025-05,CES0000000001,158498,false,none
2025-05,LNS14000000,4.3,false,none
2025-06,CES0000000001,158478,false,none
2025-06,LNS14000000,4.1,false,none
2025-07,CES0000000001,158542,false,none
2025-07,LNS14000000,4.3,false,none
2025-08,CES0000000001,158472,false,none
2025-08,LNS14000000,4.3,false,none
2025-09,CES0000000001,158548,false,none
2025-09,LNS14000000,4.4,false,none
2025-10,CES0000000001,158408,false,none
2025-10,LNS14000000,-,false,9
2025-11,CES0000000001,158449,false,none
2025-11,LNS14000000,4.5,false,none
2025-12,CES0000000001,158432,false,none
2025-12,LNS14000000,4.4,false,none
2026-01,CES0000000001,158592,false,none
2026-01,LNS14000000,4.3,false,12
2026-02,CES0000000001,158436,false,none
2026-02,LNS14000000,4.4,false,none
2026-03,CES0000000001,158650,false,none
2026-03,LNS14000000,4.3,false,none
2026-04,CES0000000001,158798,false,none
2026-04,LNS14000000,4.3,false,none
2026-05,CES0000000001,158927,false,P
2026-05,LNS14000000,4.3,false,none
2026-06,CES0000000001,158984,true,P
2026-06,LNS14000000,4.2,true,none
