period,real_gdp,pce_price_index,core_pce_price_index,gdp_deflator,unemployment_rate,payroll_employment,effective_federal_funds_rate,nominal_gdp
2000Q3,0.407522681487,2.568940474165,1.928692989323,2.331855033774,4.000000000000,0.188433948127,6.511428571429,2.740276939605
2000Q4,2.381054313956,2.251827471355,1.972477098124,2.149293185283,3.900000000000,0.207697988748,6.499677419355,4.532360934540
2001Q1,-1.313348979657,2.954412917242,2.595609538670,2.636613491719,4.233333333333,0.155302557016,5.611774193548,1.319700469660
2001Q2,2.490243965909,1.867335062110,1.509425830180,2.398581008182,4.400000000000,-0.270553139106,4.330781250000,4.889427747523
2001Q3,-1.605775616727,0.201639652992,1.027563903108,1.569641319673,4.833333333333,-0.305123534276,3.487936507937,-0.036986331124
2001Q4,1.097594520943,0.164420255178,1.927412500529,1.253432562314,5.500000000000,-0.602128387387,2.153387096774,2.349939032862
2002Q1,3.331522227559,0.805212964608,1.227856639073,1.254848545137,5.700000000000,-0.320907468069,1.740983606557,4.590059724174
2002Q2,2.443348677388,2.957918691503,2.196555278912,1.394397218243,5.833333333333,-0.100989501596,1.756562500000,3.837792049588
2002Q3,1.622749618951,2.064399017814,2.122895617979,1.913359374759,5.733333333333,-0.065085142594,1.748125000000,3.532656754307
2002Q4,0.494114897589,1.861377882348,1.420978865187,2.314507014502,5.866666666667,0.007914573670,1.455483870968,2.808497434088
2003Q1,2.101040306340,3.047041551309,1.232209682979,1.950839658440,5.866666666667,-0.114694876977,1.255245901639,4.054656769081
2003Q2,3.526892181147,0.402461239014,1.513329406121,1.404783709142,6.133333333333,-0.177282105257,1.253750000000,4.932250773678
2003Q3,6.598081034377,2.626667966671,1.826695719466,2.282022316981,6.133333333333,0.008449135569,1.015000000000,8.878310980814
2003Q4,4.616146818961,1.962567024001,1.788152697565,2.428822510821,5.833333333333,0.235009320574,0.999516129032,7.046443134288
2004Q1,2.260208095561,3.072660313850,2.191428272545,2.844100487627,5.700000000000,0.308330124085,1.003225806452,5.105235934475
2004Q2,3.087859967577,2.682543333506,2.284163923805,3.214955816811,5.600000000000,0.555091443345,1.013281250000,6.302874153993
2004Q3,3.776491954068,1.960161587450,1.427835573940,2.529284801364,5.433333333333,0.247602192799,1.439375000000,6.306659867501
2004Q4,4.060156528453,3.406098238606,2.164349322108,3.089245119726,5.433333333333,0.423470972264,1.957142857143,7.149106030884
2005Q1,4.413020211694,2.318818411682,2.835006330386,3.184726231071,5.300000000000,0.353282286158,2.480483870968,7.593088109815
2005Q2,1.965660123450,2.516164278879,1.976520655678,2.868885028912,5.100000000000,0.546915224323,2.942656250000,4.838372756604
2005Q3,3.123032680453,4.297711002604,1.553797244928,3.630679425430,4.966666666667,0.546171640024,3.462343750000,6.752003324735
2005Q4,2.215916948831,3.171612250001,2.664867650022,3.273583502298,4.966666666667,0.357111859921,3.976065573770,5.488069054880
2006Q1,5.345655379085,2.071822868177,2.311282327194,2.823932997077,4.733333333333,0.591384675430,4.467258064516,8.170318078751
2006Q2,1.033674299559,3.495759735804,3.175416889055,3.477075020269,4.633333333333,0.391670047292,4.903750000000,4.511914066365
2006Q3,0.599374416032,2.868005459304,2.147248063225,2.784686031382,4.633333333333,0.305553316889,5.249365079365,3.381590949757
2006Q4,3.423110226167,-0.659661837299,1.720859773424,1.427576882528,4.433333333333,0.269118853509,5.245645161290,4.854908162535
2007Q1,1.201536246852,3.638117076649,2.750250305250,3.785265353406,4.500000000000,0.403899729635,5.261935483871,4.985792669085
2007Q2,2.439593165872,3.382969309857,1.659782519080,2.771529658974,4.500000000000,0.264416979484,5.248906250000,5.211695486466
2007Q3,2.297492443723,2.254880751809,1.959476350310,2.180396920357,4.666666666667,0.059657154288,5.090317460317,4.475193729629
2007Q4,2.505086204878,4.043448411068,2.753063227939,1.617187678100,4.800000000000,0.169839947414,4.496451612903,4.124223778283
2008Q1,-1.710710236013,3.243592520029,2.115506730392,1.477845497760,5.000000000000,0.028680262272,3.168870967742,-0.231666568684
2008Q2,2.374650372526,3.876727948200,1.675251333025,1.933132586395,5.333333333333,-0.335035373799,2.090312500000,4.305782511635
2008Q3,-2.106569521114,4.243173111476,2.036532051190,3.002222601849,6.000000000000,-0.514630998643,1.957500000000,0.894966558128
2008Q4,-8.853365095794,-6.435821118026,-0.318236079751,0.967166539034,6.866666666667,-1.170707634813,0.534032258065,-7.884159402968
2009Q1,-4.565452543961,-2.712457134043,0.000000000000,-0.316105595715,8.266666666667,-1.683216649505,0.187049180328,-4.884700593791
2009Q2,-0.715242887051,1.589019309720,1.561473579102,-0.664635987864,9.300000000000,-1.409011370097,0.178593750000,-1.379031273370
2009Q3,1.402308618856,2.746614121389,1.415482452341,0.474852653606,9.633333333333,-0.742294123609,0.154615384615,1.877096004687
2009Q4,4.300454151698,3.075356543138,2.484172560305,1.263524702213,9.933333333333,-0.372197750570,0.118709677419,5.563418591477
2010Q1,1.933324088271,1.542164159495,1.366006825181,1.147247675103,9.833333333333,-0.141665621024,0.136721311475,3.083005291555
2010Q2,3.851739929044,0.620519366078,1.080538693583,1.949507239798,9.633333333333,0.486264898534,0.191875000000,5.798304328251
2010Q3,3.072509082001,0.765457323198,0.610418444379,1.214191787935,9.466666666667,-0.025816577198,0.188437500000,4.287009277517
2010Q4,2.094945457781,2.555637686674,1.262433675570,2.315471975380,9.500000000000,0.262455950598,0.189365079365,4.410186961896
2011Q1,-0.949946694420,3.346018800308,1.753670121417,2.042106208977,9.033333333333,0.249052811780,0.155483870968,1.095179752808
2011Q2,2.697214987467,3.913929793127,2.335116998684,2.636618866799,9.066666666667,0.521051193564,0.093281250000,5.334216982336
2011Q3,-0.089260902314,1.846107469944,1.818971910750,2.401727720769,9.000000000000,0.310727148854,0.083906250000,2.310927559205
2011Q4,4.467158724586,1.320175650001,1.423100670579,0.474271380095,8.633333333333,0.420342127507,0.075081967213,4.943330667471
2012Q1,3.340376727516,2.640104695964,2.515116856447,2.341343197789,8.266666666667,0.594016026055,0.106290322581,5.679529985843
2012Q2,1.781366506529,0.963830310034,1.650752094369,1.648045818981,8.200000000000,0.315852846433,0.154531250000,3.428211412522
2012Q3,0.575697505945,1.160304864085,1.154066405739,2.189739480305,8.033333333333,0.308903390953,0.146190476190,2.765152316099
2012Q4,0.462294966300,2.239083228714,1.767693187814,1.998915009736,7.800000000000,0.385101165520,0.160967741935,2.464958887862
2013Q1,3.926903706206,1.397802928337,1.555275040129,1.586029727117,7.733333333333,0.474441745129,0.144262295082,5.510328152733
2013Q2,1.069115306055,0.205271072281,1.128482674144,0.860539016401,7.533333333333,0.431058428220,0.117031250000,1.929435363067
2013Q3,3.391158620999,1.642558300796,1.570310455048,1.955808210480,7.233333333333,0.393592536528,0.085468750000,5.347683489507
2013Q4,3.471856095305,1.469648552889,1.724468530318,2.109802632289,6.933333333333,0.455703646983,0.085483870968,5.580410252569
2014Q1,-1.382771259863,1.832602324493,1.259061060694,1.514535264071,6.666666666667,0.370430054073,0.072786885246,0.133039615318
2014Q2,5.134276091660,1.787182129520,1.745170520442,2.256952239544,6.200000000000,0.579552313549,0.091093750000,7.392023408601
2014Q3,4.832259330312,1.089846090945,1.495781804859,1.640976940954,6.066666666667,0.538412268500,0.089687500000,6.471214047202
2014Q4,2.017834406173,-0.530157943416,1.082826420023,0.396800826142,5.700000000000,0.560041074596,0.102096774194,2.415733022090
2015Q1,3.585819150770,-1.797070423019,0.669052833493,-0.219018451577,5.533333333333,0.490643293686,0.114590163934,3.367857348119
2015Q2,2.469978633015,1.990310121088,1.777311172089,2.291679375277,5.433333333333,0.501913635851,0.125937500000,4.760326662205
2015Q3,1.597784846276,1.038604420803,1.287647752008,1.058961769401,5.100000000000,0.457904456979,0.135692307692,2.657312204866
2015Q4,0.737236690842,-0.307605562313,0.995905780002,-0.008198233281,5.033333333333,0.484995481909,0.160806451613,0.727773159534
2016Q1,2.311386607389,0.196894808824,1.669360776174,-0.348580326248,4.900000000000,0.422479091078,0.365806451613,1.965228444698
2016Q2,1.282438265070,2.530476770076,2.187894509204,2.710904552200,4.933333333333,0.376488389785,0.370000000000,3.991027703781
2016Q3,2.827543676442,1.379080251194,1.734444279166,1.021524803677,4.900000000000,0.518909447854,0.395312500000,3.849308702723
2016Q4,2.211074114484,1.827366011981,1.371658814136,1.930098627682,4.766666666667,0.346745131298,0.449180327869,4.143892714169
2017Q1,1.942834932414,2.325787145133,1.853758178922,2.033533399926,4.566666666667,0.409575649870,0.703870967742,3.976215572529
2017Q2,2.233244405191,0.803019622464,1.336619258959,1.045016671556,4.366666666667,0.386501686961,0.952812500000,3.276138419885
2017Q3,3.141726102739,1.409410867589,1.208339253627,2.049931417898,4.333333333333,0.354838825348,1.155555555556,5.191873874500
2017Q4,4.482971107758,2.391016922569,1.773874181888,2.452481057841,4.166666666667,0.304732190643,1.201774193548,6.936911808660
2018Q1,3.240477819668,2.787357361379,2.537475799935,2.536148992778,4.033333333333,0.440162419292,1.447903225806,5.776597291039
2018Q2,2.117684921508,2.093545105313,2.140338868748,2.817923275182,3.933333333333,0.478140838760,1.737187500000,4.935037915296
2018Q3,2.487041930090,1.340087261867,1.275592636605,1.723391019385,3.766666666667,0.343038924319,1.923492063492,4.211153143214
2018Q4,0.566175993274,1.514916694423,1.860941253633,1.719880468311,3.833333333333,0.289535874490,2.217096774194,2.284698800224
2019Q1,2.489509162907,0.813653300365,1.603770224898,1.197982935430,3.866666666667,0.326671590018,2.401311475410,3.687591319775
2019Q2,3.326711173158,2.230016877506,1.682482782167,2.061880138640,3.633333333333,0.360123562406,2.397812500000,5.388763917720
2019Q3,4.652841032364,0.961849995823,1.486624519281,1.268902407022,3.600000000000,0.314516370488,2.197812500000,5.923470287479
2019Q4,2.718254387221,1.571060655182,1.400472743074,1.241927517018,3.600000000000,0.319245707031,1.650483870968,3.959603093546
2020Q1,-5.300247883186,1.388783716888,1.801079856974,1.969958359697,3.833333333333,0.065484433307,1.232903225806,-3.332628097064
2020Q2,-32.817282416108,-1.642507896467,-0.753933737365,-1.595071897981,13.000000000000,-12.647560699140,0.058750000000,-34.410411791977
2020Q3,29.902998544979,3.133335310300,2.965421921727,3.646319484510,8.800000000000,5.033730367911,0.092769230769,33.548825486488
2020Q4,4.508555862817,2.032315840769,1.790713679029,2.485348077516,6.766666666667,1.387755370036,0.089032258065,6.991893805590
2021Q1,5.544658613896,4.522168050442,3.403698432029,5.062435155426,6.233333333333,0.637137794859,0.076393442623,10.607035897189
2021Q2,6.750285416705,6.023834338331,5.646258131869,6.179766063560,5.933333333333,1.154125013833,0.068750000000,12.931456322769
2021Q3,3.286671656768,5.402236915364,4.716411054469,6.103771544977,5.066666666667,1.453316799590,0.090312500000,9.390671038582
2021Q4,6.804809235886,6.616803754428,5.170833404081,6.824572898937,4.166666666667,1.297652179993,0.079523809524,13.629015042713
2022Q1,-1.020495165182,7.457584073060,5.952314813132,7.997704719685,3.866666666667,1.006494641926,0.124354838710,6.979203297097
2022Q2,0.625698380341,7.245006995773,4.745290969052,8.939879269591,3.633333333333,0.827931795099,0.758571428571,9.562974089891
2022Q3,2.877225330117,4.566683600350,5.016090115189,4.402833786207,3.533333333333,0.897681701029,2.200937500000,7.280413654794
2022Q4,2.751476540129,4.048307660663,4.604099218186,3.789405208779,3.566666666667,0.543501395879,3.649672131148,6.541076153082
2023Q1,2.884974679699,3.813338409130,4.612771924460,3.724162547781,3.533333333333,0.528950590641,4.521935483871,6.608131300117
2023Q2,2.503636219206,2.946175708687,3.888867946502,2.078883663622,3.533333333333,0.415072825789,4.987301587302,4.582772310869
2023Q3,4.588010958437,2.683382854033,2.341352456326,3.247932758797,3.633333333333,0.387118909410,5.262380952381,7.838279331668
2023Q4,3.362059610588,1.804204341064,2.115164544114,1.594682181470,3.800000000000,0.301430584508,5.330000000000,4.954097665357
2024Q1,0.838565765858,3.525464320805,3.917532377645,3.128610382570,3.833333333333,0.339749252353,5.330000000000,3.968871311718
2024Q2,3.526355417094,2.559035842698,2.838867522862,2.542276161180,3.966666666667,0.232275353777,5.330000000000,6.068825356626
2024Q3,3.285581259619,1.685139086234,2.325531136899,1.686979057427,4.166666666667,0.123434625976,5.267500000000,4.972829557528
2024Q4,1.835281971333,2.487208023359,2.683237865058,2.392271929611,4.133333333333,0.194775726648,4.656612903226,4.226998079297
2025Q1,-0.650594422569,3.372986744063,3.222546215328,3.549252305557,4.133333333333,0.129569856797,4.330000000000,2.898837496373
2025Q2,3.766212643183,2.109584044586,2.564561184370,2.098314203003,4.200000000000,0.106479698955,4.330000000000,5.863403401759
2025Q3,4.282379361042,2.740071491136,2.835621749157,3.669722026790,4.333333333333,0.021240285541,4.295937500000,7.954281673757
