table_identifier,valuation,transaction,activity,product,counterpart_area,sector,accounting_entry,value_hundredths_million_usd,obs_status,quarantine_reason
T1610,O,P2,A,_T,D,S1,D,36415826,A,not_basic_valuation_for_T1610_source_axis_identity
T1610,O,P2,A01,_T,D,S1,D,35331837,A,not_basic_valuation_for_T1610_source_axis_identity
T1610,O,P2,A02,_T,D,S1,D,1013666,A,not_basic_valuation_for_T1610_source_axis_identity
T1610,O,P2,A03,_T,D,S1,D,70322,A,not_basic_valuation_for_T1610_source_axis_identity
T1610,O,P2,B,_T,D,S1,D,30215745,A,not_basic_valuation_for_T1610_source_axis_identity
T1610,O,P2,B05,_T,D,S1,D,1812941,A,not_basic_valuation_for_T1610_source_axis_identity
T1610,O,P2,B06,_T,D,S1,D,20338518,A,not_basic_valuation_for_T1610_source_axis_identity
T1610,O,P2,B07,_T,D,S1,D,2096596,A,not_basic_valuation_for_T1610_source_axis_identity
T1610,O,P2,B08,_T,D,S1,D,1995674,A,not_basic_valuation_for_T1610_source_axis_identity
T1610,O,P2,B09,_T,D,S1,D,3972016,A,not_basic_valuation_for_T1610_source_axis_identity
T1610,O,P2,C,_T,D,S1,D,427680184,A,not_basic_valuation_for_T1610_source_axis_identity
T1610,O,P2,C10,_T,D,S1,D,78216912,A,not_basic_valuation_for_T1610_source_axis_identity
T1610,O,P2,C10T12,_T,D,S1,D,89269850,A,not_basic_valuation_for_T1610_source_axis_identity
T1610,O,P2,C11,_T,D,S1,D,7412230,A,not_basic_valuation_for_T1610_source_axis_identity
T1610,O,P2,C12,_T,D,S1,D,3640707,A,not_basic_valuation_for_T1610_source_axis_identity
T1610,O,P2,C13,_T,D,S1,D,3050958,A,not_basic_valuation_for_T1610_source_axis_identity
T1610,O,P2,C13T15,_T,D,S1,D,3993799,A,not_basic_valuation_for_T1610_source_axis_identity
T1610,O,P2,C14,_T,D,S1,D,765859,A,not_basic_valuation_for_T1610_source_axis_identity
T1610,O,P2,C15,_T,D,S1,D,176982,A,not_basic_valuation_for_T1610_source_axis_identity
T1610,O,P2,C16,_T,D,S1,D,11398431,A,not_basic_valuation_for_T1610_source_axis_identity
T1610,O,P2,C17,_T,D,S1,D,14440094,A,not_basic_valuation_for_T1610_source_axis_identity
T1610,O,P2,C18,_T,D,S1,D,4311098,A,not_basic_valuation_for_T1610_source_axis_identity
T1610,O,P2,C19,_T,D,S1,D,43988969,A,not_basic_valuation_for_T1610_source_axis_identity
T1610,O,P2,C20,_T,D,S1,D,35551490,A,not_basic_valuation_for_T1610_source_axis_identity
T1610,O,P2,C21,_T,D,S1,D,8628787,A,not_basic_valuation_for_T1610_source_axis_identity
T1610,O,P2,C22,_T,D,S1,D,19690638,A,not_basic_valuation_for_T1610_source_axis_identity
T1610,O,P2,C23,_T,D,S1,D,11280279,A,not_basic_valuation_for_T1610_source_axis_identity
T1610,O,P2,C24,_T,D,S1,D,24247075,A,not_basic_valuation_for_T1610_source_axis_identity
T1610,O,P2,C25,_T,D,S1,D,28726074,A,not_basic_valuation_for_T1610_source_axis_identity
T1610,O,P2,C26,_T,D,S1,D,11685831,A,not_basic_valuation_for_T1610_source_axis_identity
T1610,O,P2,C27,_T,D,S1,D,11252428,A,not_basic_valuation_for_T1610_source_axis_identity
T1610,O,P2,C28,_T,D,S1,D,22829106,A,not_basic_valuation_for_T1610_source_axis_identity
T1610,O,P2,C29,_T,D,S1,D,55486782,A,not_basic_valuation_for_T1610_source_axis_identity
T1610,O,P2,C30,_T,D,S1,D,17981142,A,not_basic_valuation_for_T1610_source_axis_identity
T1610,O,P2,C31,_T,D,S1,D,5016059,A,not_basic_valuation_for_T1610_source_axis_identity
T1610,O,P2,C31_32,_T,D,S1,D,10626227,A,not_basic_valuation_for_T1610_source_axis_identity
T1610,O,P2,C32,_T,D,S1,D,5610167,A,not_basic_valuation_for_T1610_source_axis_identity
T1610,O,P2,C33,_T,D,S1,D,2292086,A,not_basic_valuation_for_T1610_source_axis_identity
T1610,O,P2,D,_T,D,S1,D,17933086,A,not_basic_valuation_for_T1610_source_axis_identity
T1610,O,P2,E,_T,D,S1,D,9852052,A,not_basic_valuation_for_T1610_source_axis_identity
T1610,O,P2,E36,_T,D,S1,D,815563,A,not_basic_valuation_for_T1610_source_axis_identity
T1610,O,P2,E37,_T,D,S1,D,142777,A,not_basic_valuation_for_T1610_source_axis_identity
T1610,O,P2,E37T39,_T,D,S1,D,9036489,A,not_basic_valuation_for_T1610_source_axis_identity
T1610,O,P2,E38,_T,D,S1,D,7179364,A,not_basic_valuation_for_T1610_source_axis_identity
T1610,O,P2,E39,_T,D,S1,D,1714348,A,not_basic_valuation_for_T1610_source_axis_identity
T1610,O,P2,F,_T,D,S1,D,120610454,A,not_basic_valuation_for_T1610_source_axis_identity
T1610,O,P2,F41,_T,D,S1,D,102651145,A,not_basic_valuation_for_T1610_source_axis_identity
T1610,O,P2,F42,_T,D,S1,D,17959309,A,not_basic_valuation_for_T1610_source_axis_identity
T1610,O,P2,G,_T,D,S1,D,233043228,A,not_basic_valuation_for_T1610_source_axis_identity
T1610,O,P2,G45,_T,D,S1,D,42323605,A,not_basic_valuation_for_T1610_source_axis_identity
T1610,O,P2,G46,_T,D,S1,D,111718428,A,not_basic_valuation_for_T1610_source_axis_identity
T1610,O,P2,G47,_T,D,S1,D,79001195,A,not_basic_valuation_for_T1610_source_axis_identity
T1610,O,P2,H,_T,D,S1,D,84631155,A,not_basic_valuation_for_T1610_source_axis_identity
T1610,O,P2,H49,_T,D,S1,D,42870966,A,not_basic_valuation_for_T1610_source_axis_identity
T1610,O,P2,H50,_T,D,S1,D,5482953,A,not_basic_valuation_for_T1610_source_axis_identity
T1610,O,P2,H51,_T,D,S1,D,15380059,A,not_basic_valuation_for_T1610_source_axis_identity
T1610,O,P2,H52,_T,D,S1,D,14813757,A,not_basic_valuation_for_T1610_source_axis_identity
T1610,O,P2,H53,_T,D,S1,D,6083420,A,not_basic_valuation_for_T1610_source_axis_identity
T1610,O,P2,I,_T,D,S1,D,78601502,A,not_basic_valuation_for_T1610_source_axis_identity
T1610,O,P2,I55,_T,D,S1,D,12715135,A,not_basic_valuation_for_T1610_source_axis_identity
T1610,O,P2,I56,_T,D,S1,D,65886367,A,not_basic_valuation_for_T1610_source_axis_identity
T1610,O,P2,J,_T,D,S1,D,130651652,A,not_basic_valuation_for_T1610_source_axis_identity
T1610,O,P2,J58,_T,D,S1,D,20891134,A,not_basic_valuation_for_T1610_source_axis_identity
T1610,O,P2,J59,_T,D,S1,D,8759851,A,not_basic_valuation_for_T1610_source_axis_identity
T1610,O,P2,J59_60,_T,D,S1,D,20604954,A,not_basic_valuation_for_T1610_source_axis_identity
T1610,O,P2,J60,_T,D,S1,D,11845103,A,not_basic_valuation_for_T1610_source_axis_identity
T1610,O,P2,J61,_T,D,S1,D,31856700,A,not_basic_valuation_for_T1610_source_axis_identity
T1610,O,P2,J62,_T,D,S1,D,21199141,A,not_basic_valuation_for_T1610_source_axis_identity
T1610,O,P2,J62_63,_T,D,S1,D,57298864,A,not_basic_valuation_for_T1610_source_axis_identity
T1610,O,P2,J63,_T,D,S1,D,36099723,A,not_basic_valuation_for_T1610_source_axis_identity
T1610,O,P2,K,_T,D,S1,D,192813344,A,not_basic_valuation_for_T1610_source_axis_identity
T1610,O,P2,K64,_T,D,S1,D,94718344,A,not_basic_valuation_for_T1610_source_axis_identity
T1610,O,P2,K65,_T,D,S1,D,68725085,A,not_basic_valuation_for_T1610_source_axis_identity
T1610,O,P2,K66,_T,D,S1,D,29369916,A,not_basic_valuation_for_T1610_source_axis_identity
T1610,O,P2,L,_T,D,S1,D,152645212,A,not_basic_valuation_for_T1610_source_axis_identity
T1610,O,P2,L68A,_T,D,S1,D,28038221,A,not_basic_valuation_for_T1610_source_axis_identity
T1610,O,P2,L68B,_T,D,S1,D,124606991,A,not_basic_valuation_for_T1610_source_axis_identity
T1610,O,P2,M,_T,D,S1,D,123606793,A,not_basic_valuation_for_T1610_source_axis_identity
T1610,O,P2,M69,_T,D,S1,D,14870478,A,not_basic_valuation_for_T1610_source_axis_identity
T1610,O,P2,M69_70,_T,D,S1,D,57108529,A,not_basic_valuation_for_T1610_source_axis_identity
T1610,O,P2,M70,_T,D,S1,D,42238051,A,not_basic_valuation_for_T1610_source_axis_identity
T1610,O,P2,M71,_T,D,S1,D,18598191,A,not_basic_valuation_for_T1610_source_axis_identity
T1610,O,P2,M72,_T,D,S1,D,25086945,A,not_basic_valuation_for_T1610_source_axis_identity
T1610,O,P2,M73,_T,D,S1,D,9961025,A,not_basic_valuation_for_T1610_source_axis_identity
T1610,O,P2,M74,_T,D,S1,D,10865762,A,not_basic_valuation_for_T1610_source_axis_identity
T1610,O,P2,M74_75,_T,D,S1,D,12852102,A,not_basic_valuation_for_T1610_source_axis_identity
T1610,O,P2,M75,_T,D,S1,D,1986340,A,not_basic_valuation_for_T1610_source_axis_identity
T1610,O,P2,N,_T,D,S1,D,81667621,A,not_basic_valuation_for_T1610_source_axis_identity
T1610,O,P2,N77,_T,D,S1,D,30217417,A,not_basic_valuation_for_T1610_source_axis_identity
T1610,O,P2,N78,_T,D,S1,D,10411368,A,not_basic_valuation_for_T1610_source_axis_identity
T1610,O,P2,N79,_T,D,S1,D,5523316,A,not_basic_valuation_for_T1610_source_axis_identity
T1610,O,P2,N80,_T,D,S1,D,2699107,A,not_basic_valuation_for_T1610_source_axis_identity
T1610,O,P2,N80T82,_T,D,S1,D,35515520,A,not_basic_valuation_for_T1610_source_axis_identity
T1610,O,P2,N81,_T,D,S1,D,18178926,A,not_basic_valuation_for_T1610_source_axis_identity
T1610,O,P2,N82,_T,D,S1,D,14637487,A,not_basic_valuation_for_T1610_source_axis_identity
T1610,O,P2,O,_T,D,S1,D,172331521,A,not_basic_valuation_for_T1610_source_axis_identity
T1610,O,P2,P,_T,D,S1,D,55639136,A,not_basic_valuation_for_T1610_source_axis_identity
T1610,O,P2,Q,_T,D,S1,D,137881063,A,not_basic_valuation_for_T1610_source_axis_identity
T1610,O,P2,Q86,_T,D,S1,D,111630874,A,not_basic_valuation_for_T1610_source_axis_identity
T1610,O,P2,Q87,_T,D,S1,D,13470253,A,not_basic_valuation_for_T1610_source_axis_identity
T1610,O,P2,Q87_88,_T,D,S1,D,26250189,A,not_basic_valuation_for_T1610_source_axis_identity
T1610,O,P2,Q88,_T,D,S1,D,12779936,A,not_basic_valuation_for_T1610_source_axis_identity
T1610,O,P2,R,_T,D,S1,D,24405605,A,not_basic_valuation_for_T1610_source_axis_identity
T1610,O,P2,R90,_T,D,S1,D,9551004,A,not_basic_valuation_for_T1610_source_axis_identity
T1610,O,P2,R90T92,_T,D,S1,D,13529262,A,not_basic_valuation_for_T1610_source_axis_identity
T1610,O,P2,R91,_T,D,S1,D,1239584,A,not_basic_valuation_for_T1610_source_axis_identity
T1610,O,P2,R92,_T,D,S1,D,2738674,A,not_basic_valuation_for_T1610_source_axis_identity
T1610,O,P2,R93,_T,D,S1,D,10876343,A,not_basic_valuation_for_T1610_source_axis_identity
T1610,O,P2,S,_T,D,S1,D,33229068,A,not_basic_valuation_for_T1610_source_axis_identity
T1610,O,P2,S94,_T,D,S1,D,14664258,A,not_basic_valuation_for_T1610_source_axis_identity
T1610,O,P2,S95,_T,D,S1,D,2390745,A,not_basic_valuation_for_T1610_source_axis_identity
T1610,O,P2,S96,_T,D,S1,D,16174065,A,not_basic_valuation_for_T1610_source_axis_identity
T1610,O,P2,_T,_T,D,S1,D,2143854247,A,not_basic_valuation_for_T1610_source_axis_identity
T1610,O,P3,_Z,_T,D,S1,D,2392320311,A,not_basic_valuation_for_T1610_source_axis_identity
T1610,O,P34,_Z,_T,D,S1,D,21655812,A,not_basic_valuation_for_T1610_source_axis_identity
T1610,O,P3S13,_Z,_T,D,S13,D,399184010,A,not_basic_valuation_for_T1610_source_axis_identity
T1610,O,P3S14DC,_Z,_T,D,S14,D,1993136301,A,not_basic_valuation_for_T1610_source_axis_identity
T1610,O,P5,_Z,_T,D,S1,D,630862334,A,not_basic_valuation_for_T1610_source_axis_identity
T1610,O,P51G,_Z,_T,D,S1,D,625507733,A,not_basic_valuation_for_T1610_source_axis_identity
T1610,O,P52,_Z,_T,D,S1,D,5354601,A,not_basic_valuation_for_T1610_source_axis_identity
T1610,O,P6,_Z,_T,WXD,S1,D,289805343,A,not_basic_valuation_for_T1610_source_axis_identity
T1610,O,P6A,_Z,_T,WXD,S1,D,33153320,A,not_basic_valuation_for_T1610_source_axis_identity
T1610,O,TU,_Z,_T,D,S1,D,5456842235,A,not_basic_valuation_for_T1610_source_axis_identity
T1610,Y,P2,A,_T,D,S1,D,-353502,A,not_basic_valuation_for_T1610_source_axis_identity
T1610,Y,P2,A01,_T,D,S1,D,-363047,A,not_basic_valuation_for_T1610_source_axis_identity
T1610,Y,P2,A02,_T,D,S1,D,4236,A,not_basic_valuation_for_T1610_source_axis_identity
T1610,Y,P2,A03,_T,D,S1,D,5308,A,not_basic_valuation_for_T1610_source_axis_identity
T1610,Y,P2,B,_T,D,S1,D,696833,A,not_basic_valuation_for_T1610_source_axis_identity
T1610,Y,P2,B05,_T,D,S1,D,53609,A,not_basic_valuation_for_T1610_source_axis_identity
T1610,Y,P2,B06,_T,D,S1,D,390531,A,not_basic_valuation_for_T1610_source_axis_identity
T1610,Y,P2,B07,_T,D,S1,D,91774,A,not_basic_valuation_for_T1610_source_axis_identity
T1610,Y,P2,B08,_T,D,S1,D,59696,A,not_basic_valuation_for_T1610_source_axis_identity
T1610,Y,P2,B09,_T,D,S1,D,101222,A,not_basic_valuation_for_T1610_source_axis_identity
T1610,Y,P2,C,_T,D,S1,D,6735272,A,not_basic_valuation_for_T1610_source_axis_identity
T1610,Y,P2,C10,_T,D,S1,D,289080,A,not_basic_valuation_for_T1610_source_axis_identity
T1610,Y,P2,C10T12,_T,D,S1,D,578620,A,not_basic_valuation_for_T1610_source_axis_identity
T1610,Y,P2,C11,_T,D,S1,D,93909,A,not_basic_valuation_for_T1610_source_axis_identity
T1610,Y,P2,C12,_T,D,S1,D,195630,A,not_basic_valuation_for_T1610_source_axis_identity
T1610,Y,P2,C13,_T,D,S1,D,41105,A,not_basic_valuation_for_T1610_source_axis_identity
T1610,Y,P2,C13T15,_T,D,S1,D,61409,A,not_basic_valuation_for_T1610_source_axis_identity
T1610,Y,P2,C14,_T,D,S1,D,16189,A,not_basic_valuation_for_T1610_source_axis_identity
T1610,Y,P2,C15,_T,D,S1,D,4114,A,not_basic_valuation_for_T1610_source_axis_identity
T1610,Y,P2,C16,_T,D,S1,D,166815,A,not_basic_valuation_for_T1610_source_axis_identity
T1610,Y,P2,C17,_T,D,S1,D,164549,A,not_basic_valuation_for_T1610_source_axis_identity
T1610,Y,P2,C18,_T,D,S1,D,68975,A,not_basic_valuation_for_T1610_source_axis_identity
T1610,Y,P2,C19,_T,D,S1,D,1738035,A,not_basic_valuation_for_T1610_source_axis_identity
T1610,Y,P2,C20,_T,D,S1,D,461499,A,not_basic_valuation_for_T1610_source_axis_identity
T1610,Y,P2,C21,_T,D,S1,D,75385,A,not_basic_valuation_for_T1610_source_axis_identity
T1610,Y,P2,C22,_T,D,S1,D,270631,A,not_basic_valuation_for_T1610_source_axis_identity
T1610,Y,P2,C23,_T,D,S1,D,215330,A,not_basic_valuation_for_T1610_source_axis_identity
T1610,Y,P2,C24,_T,D,S1,D,339613,A,not_basic_valuation_for_T1610_source_axis_identity
T1610,Y,P2,C25,_T,D,S1,D,390778,A,not_basic_valuation_for_T1610_source_axis_identity
T1610,Y,P2,C26,_T,D,S1,D,184042,A,not_basic_valuation_for_T1610_source_axis_identity
T1610,Y,P2,C27,_T,D,S1,D,171725,A,not_basic_valuation_for_T1610_source_axis_identity
T1610,Y,P2,C28,_T,D,S1,D,437491,A,not_basic_valuation_for_T1610_source_axis_identity
T1610,Y,P2,C29,_T,D,S1,D,1002509,A,not_basic_valuation_for_T1610_source_axis_identity
T1610,Y,P2,C30,_T,D,S1,D,197128,A,not_basic_valuation_for_T1610_source_axis_identity
T1610,Y,P2,C31,_T,D,S1,D,91961,A,not_basic_valuation_for_T1610_source_axis_identity
T1610,Y,P2,C31_32,_T,D,S1,D,163066,A,not_basic_valuation_for_T1610_source_axis_identity
T1610,Y,P2,C32,_T,D,S1,D,71104,A,not_basic_valuation_for_T1610_source_axis_identity
T1610,Y,P2,C33,_T,D,S1,D,47674,A,not_basic_valuation_for_T1610_source_axis_identity
T1610,Y,P2,D,_T,D,S1,D,486940,A,not_basic_valuation_for_T1610_source_axis_identity
T1610,Y,P2,E,_T,D,S1,D,288466,A,not_basic_valuation_for_T1610_source_axis_identity
T1610,Y,P2,E36,_T,D,S1,D,51702,A,not_basic_valuation_for_T1610_source_axis_identity
T1610,Y,P2,E37,_T,D,S1,D,6617,A,not_basic_valuation_for_T1610_source_axis_identity
T1610,Y,P2,E37T39,_T,D,S1,D,236764,A,not_basic_valuation_for_T1610_source_axis_identity
T1610,Y,P2,E38,_T,D,S1,D,189037,A,not_basic_valuation_for_T1610_source_axis_identity
T1610,Y,P2,E39,_T,D,S1,D,41109,A,not_basic_valuation_for_T1610_source_axis_identity
T1610,Y,P2,F,_T,D,S1,D,4714370,A,not_basic_valuation_for_T1610_source_axis_identity
T1610,Y,P2,F41,_T,D,S1,D,4140151,A,not_basic_valuation_for_T1610_source_axis_identity
T1610,Y,P2,F42,_T,D,S1,D,574219,A,not_basic_valuation_for_T1610_source_axis_identity
T1610,Y,P2,G,_T,D,S1,D,2819791,A,not_basic_valuation_for_T1610_source_axis_identity
T1610,Y,P2,G45,_T,D,S1,D,547627,A,not_basic_valuation_for_T1610_source_axis_identity
T1610,Y,P2,G46,_T,D,S1,D,1472789,A,not_basic_valuation_for_T1610_source_axis_identity
T1610,Y,P2,G47,_T,D,S1,D,799375,A,not_basic_valuation_for_T1610_source_axis_identity
T1610,Y,P2,H,_T,D,S1,D,3059637,A,not_basic_valuation_for_T1610_source_axis_identity
T1610,Y,P2,H49,_T,D,S1,D,1905834,A,not_basic_valuation_for_T1610_source_axis_identity
T1610,Y,P2,H50,_T,D,S1,D,274359,A,not_basic_valuation_for_T1610_source_axis_identity
T1610,Y,P2,H51,_T,D,S1,D,309050,A,not_basic_valuation_for_T1610_source_axis_identity
T1610,Y,P2,H52,_T,D,S1,D,358040,A,not_basic_valuation_for_T1610_source_axis_identity
T1610,Y,P2,H53,_T,D,S1,D,212352,A,not_basic_valuation_for_T1610_source_axis_identity
T1610,Y,P2,I,_T,D,S1,D,1567512,A,not_basic_valuation_for_T1610_source_axis_identity
T1610,Y,P2,I55,_T,D,S1,D,265037,A,not_basic_valuation_for_T1610_source_axis_identity
T1610,Y,P2,I56,_T,D,S1,D,1302475,A,not_basic_valuation_for_T1610_source_axis_identity
T1610,Y,P2,J,_T,D,S1,D,1950752,A,not_basic_valuation_for_T1610_source_axis_identity
T1610,Y,P2,J58,_T,D,S1,D,235366,A,not_basic_valuation_for_T1610_source_axis_identity
T1610,Y,P2,J59,_T,D,S1,D,73401,A,not_basic_valuation_for_T1610_source_axis_identity
T1610,Y,P2,J59_60,_T,D,S1,D,165792,A,not_basic_valuation_for_T1610_source_axis_identity
T1610,Y,P2,J60,_T,D,S1,D,92391,A,not_basic_valuation_for_T1610_source_axis_identity
T1610,Y,P2,J61,_T,D,S1,D,573403,A,not_basic_valuation_for_T1610_source_axis_identity
T1610,Y,P2,J62,_T,D,S1,D,443992,A,not_basic_valuation_for_T1610_source_axis_identity
T1610,Y,P2,J62_63,_T,D,S1,D,976190,A,not_basic_valuation_for_T1610_source_axis_identity
T1610,Y,P2,J63,_T,D,S1,D,532199,A,not_basic_valuation_for_T1610_source_axis_identity
T1610,Y,P2,K,_T,D,S1,D,1641452,A,not_basic_valuation_for_T1610_source_axis_identity
T1610,Y,P2,K64,_T,D,S1,D,1201237,A,not_basic_valuation_for_T1610_source_axis_identity
T1610,Y,P2,K65,_T,D,S1,D,376333,A,not_basic_valuation_for_T1610_source_axis_identity
T1610,Y,P2,K66,_T,D,S1,D,63883,A,not_basic_valuation_for_T1610_source_axis_identity
T1610,Y,P2,L,_T,D,S1,D,2706167,A,not_basic_valuation_for_T1610_source_axis_identity
T1610,Y,P2,L68A,_T,D,S1,D,160876,A,not_basic_valuation_for_T1610_source_axis_identity
T1610,Y,P2,L68B,_T,D,S1,D,2545291,A,not_basic_valuation_for_T1610_source_axis_identity
T1610,Y,P2,M,_T,D,S1,D,1639113,A,not_basic_valuation_for_T1610_source_axis_identity
T1610,Y,P2,M69,_T,D,S1,D,236651,A,not_basic_valuation_for_T1610_source_axis_identity
T1610,Y,P2,M69_70,_T,D,S1,D,748252,A,not_basic_valuation_for_T1610_source_axis_identity
T1610,Y,P2,M70,_T,D,S1,D,511601,A,not_basic_valuation_for_T1610_source_axis_identity
T1610,Y,P2,M71,_T,D,S1,D,303437,A,not_basic_valuation_for_T1610_source_axis_identity
T1610,Y,P2,M72,_T,D,S1,D,240994,A,not_basic_valuation_for_T1610_source_axis_identity
T1610,Y,P2,M73,_T,D,S1,D,151867,A,not_basic_valuation_for_T1610_source_axis_identity
T1610,Y,P2,M74,_T,D,S1,D,169526,A,not_basic_valuation_for_T1610_source_axis_identity
T1610,Y,P2,M74_75,_T,D,S1,D,194561,A,not_basic_valuation_for_T1610_source_axis_identity
T1610,Y,P2,M75,_T,D,S1,D,25035,A,not_basic_valuation_for_T1610_source_axis_identity
T1610,Y,P2,N,_T,D,S1,D,1618823,A,not_basic_valuation_for_T1610_source_axis_identity
T1610,Y,P2,N77,_T,D,S1,D,553050,A,not_basic_valuation_for_T1610_source_axis_identity
T1610,Y,P2,N78,_T,D,S1,D,122367,A,not_basic_valuation_for_T1610_source_axis_identity
T1610,Y,P2,N79,_T,D,S1,D,72082,A,not_basic_valuation_for_T1610_source_axis_identity
T1610,Y,P2,N80,_T,D,S1,D,66170,A,not_basic_valuation_for_T1610_source_axis_identity
T1610,Y,P2,N80T82,_T,D,S1,D,871322,A,not_basic_valuation_for_T1610_source_axis_identity
T1610,Y,P2,N81,_T,D,S1,D,547631,A,not_basic_valuation_for_T1610_source_axis_identity
T1610,Y,P2,N82,_T,D,S1,D,257521,A,not_basic_valuation_for_T1610_source_axis_identity
T1610,Y,P2,O,_T,D,S1,D,1673058,A,not_basic_valuation_for_T1610_source_axis_identity
T1610,Y,P2,P,_T,D,S1,D,280743,A,not_basic_valuation_for_T1610_source_axis_identity
T1610,Y,P2,Q,_T,D,S1,D,1347473,A,not_basic_valuation_for_T1610_source_axis_identity
T1610,Y,P2,Q86,_T,D,S1,D,1052166,A,not_basic_valuation_for_T1610_source_axis_identity
T1610,Y,P2,Q87,_T,D,S1,D,162309,A,not_basic_valuation_for_T1610_source_axis_identity
T1610,Y,P2,Q87_88,_T,D,S1,D,295308,A,not_basic_valuation_for_T1610_source_axis_identity
T1610,Y,P2,Q88,_T,D,S1,D,132998,A,not_basic_valuation_for_T1610_source_axis_identity
T1610,Y,P2,R,_T,D,S1,D,400151,A,not_basic_valuation_for_T1610_source_axis_identity
T1610,Y,P2,R90,_T,D,S1,D,173201,A,not_basic_valuation_for_T1610_source_axis_identity
T1610,Y,P2,R90T92,_T,D,S1,D,246067,A,not_basic_valuation_for_T1610_source_axis_identity
T1610,Y,P2,R91,_T,D,S1,D,2410,A,not_basic_valuation_for_T1610_source_axis_identity
T1610,Y,P2,R92,_T,D,S1,D,70456,A,not_basic_valuation_for_T1610_source_axis_identity
T1610,Y,P2,R93,_T,D,S1,D,154084,A,not_basic_valuation_for_T1610_source_axis_identity
T1610,Y,P2,S,_T,D,S1,D,272074,A,not_basic_valuation_for_T1610_source_axis_identity
T1610,Y,P2,S94,_T,D,S1,D,29694,A,not_basic_valuation_for_T1610_source_axis_identity
T1610,Y,P2,S95,_T,D,S1,D,68107,A,not_basic_valuation_for_T1610_source_axis_identity
T1610,Y,P2,S96,_T,D,S1,D,174273,A,not_basic_valuation_for_T1610_source_axis_identity
T1610,Y,P2,_T,_T,D,S1,D,33545124,A,not_basic_valuation_for_T1610_source_axis_identity
T1610,Y,P3,_Z,_T,D,S1,D,61066533,A,not_basic_valuation_for_T1610_source_axis_identity
T1610,Y,P34,_Z,_T,D,S1,D,0,A,not_basic_valuation_for_T1610_source_axis_identity
T1610,Y,P3S13,_Z,_T,D,S13,D,0,A,not_basic_valuation_for_T1610_source_axis_identity
T1610,Y,P3S14DC,_Z,_T,D,S14,D,61066533,A,not_basic_valuation_for_T1610_source_axis_identity
T1610,Y,P5,_Z,_T,D,S1,D,5586233,A,not_basic_valuation_for_T1610_source_axis_identity
T1610,Y,P51G,_Z,_T,D,S1,D,5485306,A,not_basic_valuation_for_T1610_source_axis_identity
T1610,Y,P52,_Z,_T,D,S1,D,100928,A,not_basic_valuation_for_T1610_source_axis_identity
T1610,Y,P6,_Z,_T,WXD,S1,D,834663,A,not_basic_valuation_for_T1610_source_axis_identity
T1610,Y,TU,_Z,_T,D,S1,D,101032554,A,not_basic_valuation_for_T1610_source_axis_identity
